Molecular_Weight,Hydrogen_bond_Acceptor,Hydrogen_bond_Donor,xlogP,Physiological_Charge,Polarized_Surface_Area,BBB
98.96,0,0,1.5,0,0,1
58.08,1,0,-0.1,0,17.1,1
108.14,1,1,1.1,0,20.2,1
74.12,1,1,0.9,0,20.2,1
16.043,0,0,0.6,0,0,1
323.13,5,3,1.1,0,115,1
104.17,1,1,-0.4,1,20.2,1
146.14,2,0,1.4,0,26.3,0
138.12,3,2,2.3,0,57.5,0
114.23,0,0,3.9,0,0,1
102.09,3,2,-1.5,0,64.4,1
239.74,2,1,3.2,0,29.1,1
272.4,2,2,4,0,40.5,1
182.17,6,6,-3.1,0,121,0
243.22,5,4,-2.1,0,129,1
142.2,4,2,-0.6,0,63.8,0
153.18,3,3,-1,0,66.5,0
46.07,1,1,-0.1,0,20.2,1
484.5,15,11,-6.9,0,283,0
183.2,4,4,-1.4,0,72.7,0
32.042,1,1,-0.5,0,20.2,1
122.12,2,1,-0.4,0,56,1
162.23,2,0,1.2,0,16.1,1
44.013,2,0,0.5,0,19.1,1
169.18,4,4,-1.2,0,86.7,0
18.015,1,1,-0.5,0,1,1
60.1,1,1,0.3,0,20.2,1
123.11,3,1,-0.6,0,68.9,1
324.4,4,1,2.9,0,45.6,1
92.14,0,0,2.7,0,0,1
60.056,1,2,-1.4,0,69.1,1
149.23,1,1,2.1,0,12,1
221.3,1,1,2.8,0,12,1
315.4,3,2,3.9,0,43.7,1
344.9,3,0,4.3,0,31.8,1
173.25,1,0,2.7,0,3.2,1
221.03,3,1,2.8,0,46.5,1
285.69,7,3,0.8,0,119,1
544.5,11,6,1.3,1,208,0
252.27,2,2,2.5,0,58.2,1
198.26,2,1,2.7,0,38.9,1
286.33,6,3,0.9,0,102,1
924.1,18,12,0,0,320,0
336.4,5,3,1.7,0,87.7,0
151.16,2,2,0.5,0,49.3,1
271.27,4,2,2.6,0,75.6,1
222.3,7,2,-0.3,0,152,1
225.2,4,3,-1.6,0,115,1
255.74,3,1,2.8,0,52.3,1
265.33,4,2,2.9,0,92.3,1
239.31,4,4,0.3,0,72.7,0
136.11,2,2,-0.5,0,65.8,1
430.7,2,1,10.7,0,29.5,1
308.8,3,0,2.1,0,43.1,1
255.22,4,1,1.7,0,74.7,1
151.25,1,1,2.4,0,26,1
308.3,5,1,3,0,70.5,1
613.91,4,3,1.8,0,95.5,0
214.23,6,4,-4.5,0,121,0
585.6,17,13,-7.9,0,332,1
232.28,3,2,1.2,0,72.2,1
180.16,3,1,0,0,69.3,1
645.3,4,0,7.6,0,42.7,0
369.5,6,2,1.5,0,110,1
277.4,1,0,5,0,3.2,1
225.26,3,1,2.3,-1,81.6,1
226.27,3,2,2.1,0,75.3,1
313.8,3,1,2.6,0,36.9,1
219.24,3,0,1.6,0,46.6,1
188.23,2,0,0.4,0,23.6,1
155.19,3,0,0.3,0,29.5,1
180.16,4,1,1.2,0,63.6,1
458.6,5,1,6,0,42.3,0
266.34,4,3,0.2,0,84.6,1
188.22,4,2,1.6,0,74.6,0
749,14,5,4,0,180,0
184.19,3,2,0.6,0,75.3,1
155.19,2,1,0.7,0,46.2,1
257.24,7,7,-1.3,0,148,0
165.19,3,1,1.9,0,52.3,1
239.35,1,0,4.1,0,3.2,1
404.5,6,0,2.1,0,68.3,1
366.5,3,0,5.3,0,15.7,0
136.19,2,1,0.4,0,24.9,1
161.22,2,1,0,1,52.3,0
269.4,2,1,4.1,0,21.3,1
311.5,2,1,4.3,0,23.5,1
243.16,0,0,2.8,1,0,0
316.15,3,1,1.7,0,54.4,1
654.6,6,3,3.8,0,118,0
334.2,2,0,4,0,12.5,1
344.25,4,2,2.8,0,67.6,1
223.07,2,2,1.1,0,72.2,1
420.3,4,1,3.3,0,40.5,1
393.7,4,0,2.8,0,71.3,1
467.6,5,2,5,0,62.2,1
385.5,6,0,2.6,0,69.6,1
246.3,6,0,-0.5,0,104,1
212.25,3,2,1.6,0,75.3,1
224.26,3,2,1.7,0,75.3,1
193.24,3,1,2.9,0,52.3,1
327.5,3,2,3.8,0,43.7,1
451.6,4,2,3.4,0,71.7,1
194.19,3,0,-0.1,0,58.4,1
454.6,6,0,3.8,0,64,0
233.26,5,4,-0.7,0,107,1
152.23,1,0,2.2,0,17.1,1
236.27,1,1,2.5,0,46.3,1
252.27,2,1,1.3,0,58.9,1
376.4,7,1,2.4,-2,155,1
226.23,6,5,-2.2,0,116,0
214.05,3,1,1.5,0,61.8,1
446.6,4,1,4.5,0,52.8,1
292.37,4,3,1,0,70.6,1
546.6,12,3,0.4,0,245,1
379.5,5,3,1.9,0,90.9,0
415.4,10,4,-4.4,0,202,0
388.9,5,1,1.7,0,53,0
165.4,2,2,1,0,40.5,1
304.2,3,1,1.7,0,40.5,0
300.8,2,0,4.5,0,6.5,1
299.75,3,1,2.4,0,48.2,1
273.74,3,0,1.1,0,62.8,1
319.9,3,1,4.6,0,28.2,0
295.7,6,2,-0.2,0,135,0
245.66,4,2,1.2,0,81.8,1
318.9,3,0,5.2,0,31.8,1
276.74,3,2,2.3,0,83.6,0
338.8,5,3,0.9,0,118,0
169.56,2,1,1.8,0,38.3,1
190.15,4,1,1.6,0,63.6,1
252.34,4,3,0.4,0,114,0
331.34,7,2,-1.1,0,72.9,0
324.4,4,0,3.2,0,36.3,1
373.9,4,2,3.2,0,67.6,1
352.4,3,1,3.3,1,46.5,0
300.74,2,0,2.1,0,40.6,1
481.1,4,1,5.4,0,52.8,1
473.4,4,1,7.1,0,40,0
242.7,3,0,3.3,0,35.5,0
214.64,3,1,2.6,0,46.5,0
314.9,2,0,5.2,0,6.5,1
315.71,4,1,2.4,0,87.3,1
230.09,1,2,1.6,0,36.4,1
318.8,3,0,3.5,0,60.9,1
344.8,1,0,5,0,17.8,0
349.2,3,1,3.2,0,41.6,1
303.35,5,0,2.3,0,55.8,1
299.4,4,1,1.1,0,41.9,1
399.4,6,1,1,0,83.1,0
275.4,1,0,5.2,0,3.2,1
182.18,5,2,-0.6,0,99.7,1
248.3,4,2,1,0,94.6,1
527.5,11,5,1.8,0,186,0
139.15,3,1,0.5,0,40.5,1
320.39,4,0,1.9,0,75.5,1
266.4,2,1,4.9,0,15.3,1
270.71,2,1,2.9,0,41.5,1
135.21,1,1,1.8,0,26,1
271.4,2,0,3.4,0,12.5,1
284.74,2,0,3,0,32.7,1
309.5,3,0,5.5,0,29.5,0
236.23,4,2,-1.2,0,88.7,0
583.7,6,3,2.4,0,118,0
129.11,3,1,0.1,0,55.4,1
255.35,2,0,3.3,0,12.5,1
351.4,6,2,2.9,0,84.9,0
504.6,12,4,0.7,0,145,0
296.5,4,0,3.9,0,121,1
144.21,2,1,2.8,0,37.3,1
425.9,3,2,3.9,0,67.9,0
379.5,4,0,4.3,0,38.8,1
378.5,3,0,3.3,0,32.8,1
270.37,3,0,2.5,0,25.4,1
379.4,4,1,3.5,0,52.6,1
289.4,3,0,3.6,0,29.5,0
469.7,3,0,7.2,0,29.5,0
315.67,5,1,4,0,38.3,0
376.4,6,2,-0.1,0,95.9,0
184.49,6,0,2.1,0,9.2,1
320.32,8,2,-0.2,0,85.8,0
294.74,3,0,1.7,0,43.1,1
289.33,6,1,2.1,0,81.4,1
303.13,4,1,3.8,0,63.6,0
204.31,4,4,-0.1,0,64.5,0
165.19,2,1,1.2,0,52.3,1
74.12,1,0,0.9,0,9.2,1
167.2,2,1,1.3,0,52.3,1
312.5,3,0,4.8,0,31.8,1
141.17,2,1,0.4,0,46.2,1
204.22,2,1,1,0,49.4,1
360.8,5,1,2.9,0,67.8,1
181.23,3,3,0.1,0,52.5,0
342.8,4,0,2.6,0,71.3,1
287.35,3,2,2.8,0,62.3,0
588.6,13,3,0.6,0,161,0
321.33,8,1,0,0,122,1
337.5,8,4,-0.6,0,238,1
238.24,4,2,0.6,0,105,1
384.2,5,1,3.9,0,64.6,0
336.5,2,0,4,0,23.6,1
501.7,5,3,3,0,81,0
388.8,5,0,3.2,0,51.2,1
369.34,9,1,-0.1,0,64.1,0
306.27,7,1,0.4,0,81.6,1
129.09,3,2,-0.9,0,67.5,1
302.73,3,0,2.8,0,32.7,1
437.5,8,1,4.4,0,55.2,1
303.29,5,0,1,0,64.4,1
313.28,5,0,2.1,0,78.5,1
130.08,3,2,-0.9,0,58.2,0
309.33,5,1,4,0,21.3,1
549.7,9,0,7.4,0,61.3,1
387.9,4,0,3,0,35.9,1
475.6,5,1,5.6,0,35.6,1
376.8,5,1,2.2,0,53,1
342.8,3,0,3,0,32.7,1
126.01,5,3,-2,0,94.8,1
330.74,7,3,2,0,131,0
171.24,3,2,-1.1,0,63.3,1
140.14,3,2,-0.9,0,50.4,1
255.23,5,4,-1.7,0,135,1
154.12,4,3,1.6,0,77.8,1
217.26,2,1,1.9,0,46.2,1
494,5,3,4.8,0,122,0
318.4,3,1,3.1,1,46.5,0
198.31,2,2,0.5,0,67.6,0
375.9,4,1,3.2,0,40.5,1
197.38,3,0,2.3,0,0,1
377.2,4,1,2.8,0,41.6,1
236.27,3,1,1.5,0,66.5,1
314.9,2,0,4.2,0,6.5,1
160.18,4,2,0.7,0,63.8,0
297.7,7,3,-0.1,0,135,0
362.5,5,3,1.6,0,94.8,0
331.3,10,3,0.4,0,135,0
151.21,2,2,1.4,0,46.2,0
214.26,3,2,1.4,0,59.1,1
76.055,2,3,-1.8,0,75.4,1
374.9,4,1,3.7,0,35.9,1
289.4,4,1,1.8,0,49.8,1
206.28,2,1,3.5,0,37.3,1
136.19,2,2,1.2,0,38,1
234.34,2,1,2.3,0,32.3,0
280.4,2,0,4.8,0,6.5,1
231.29,3,1,1.9,0,30.5,1
357.8,4,1,4.3,0,68.5,1
332.5,3,1,2.6,1,46.5,0
179.22,3,2,0.4,0,54,1
231.25,4,2,1.5,0,67.2,1
184.49,6,0,2.1,0,9.2,1
137.14,3,2,-0.7,0,68,1
60.1,1,1,0.3,0,20.2,1
705.6,9,0,5.7,0,101,0
237.72,2,1,2.2,0,29.1,1
531.4,6,0,4.3,0,69.1,0
254.28,3,1,3.1,0,54.4,1
255.27,3,1,1.9,0,59.3,0
189.17,4,2,1.3,0,66.4,1
256.09,5,2,1.4,0,90.7,1
328.5,4,0,4.7,0,41,1
391.5,3,0,4.1,0,46.1,1
338.4,2,2,2.7,0,51.4,1
337.5,3,1,3.8,0,40.5,1
419,3,0,6.8,0,23.6,1
351.35,8,2,-0.8,0,72.9,0
233.69,3,1,2.8,0,61.8,1
478,2,2,5,1,45,0
477,3,1,5,0,43.8,0
382.9,3,0,5.2,0,42.4,1
321.2,3,2,2.4,0,61.7,1
422.9,5,2,4.3,0,92.5,0
327.8,3,0,3.1,0,28.1,1
277.4,1,1,4.6,0,12,1
284.74,2,1,2.2,0,35.8,1
174.2,2,0,1.3,0,32.7,1
296.1,3,2,5.2,0,49.3,0
257.71,4,0,2.5,0,38.8,1
270.75,2,0,4.4,0,15.6,1
241.28,3,2,5.1,0,49.3,0
280.36,4,1,2,0,50.8,1
378.31,9,2,3.6,0,45.2,1
179.3,1,1,3.3,0,26,1
340.4,3,1,3.2,1,46.5,0
247.33,3,0,2.5,0,29.5,1
218.25,2,1,1.5,0,49.4,1
218.25,4,2,0.7,0,105,1
322.5,3,0,4.6,0,31.8,1
211.26,4,1,0.7,0,53.7,1
386.6,5,0,4.5,0,68.1,1
361.4,6,2,3,0,124,0
309.4,2,0,3.9,0,20.3,1
340.4,3,0,3.3,1,35.5,0
261.39,4,0,2.6,0,47.6,1
198.22,3,1,1.2,0,66.5,1
356.6,4,0,4.2,0,57.1,1
454.4,12,5,-1.8,0,211,0
164.96,3,0,2.2,0,9.2,1
211.21,5,4,-1.9,0,104,0
233.31,3,1,0.2,0,38.3,1
183.25,2,1,0.8,0,46.2,1
267.36,4,2,1.9,0,50.7,1
171.15,4,1,0,0,83.9,1
363.2,3,1,3.7,0,41.6,1
179.26,2,1,2.1,0,35.2,1
264.4,2,0,3.4,0,6.5,1
416.1,2,0,5.3,0,27,1
325.8,3,0,2.5,0,30.2,1
429.6,3,1,3.8,0,40.5,0
298.4,5,1,2,0,50.3,1
265.35,3,0,3.3,0,19.4,1
268.74,3,1,1.5,0,41.6,1
273.4,3,1,1.7,0,79.4,1
355.4,4,1,3,0,40.5,1
285.34,4,2,0.8,0,52.9,1
479.1,4,1,5.4,0,38.8,1
272.17,2,0,4.2,0,12.5,1
232.23,5,1,1.4,0,70.5,0
339.4,4,2,2.7,0,52.9,1
341.4,5,2,1.9,0,70,1
470,5,0,4.3,0,51.6,1
253.34,2,0,2.9,0,12.5,1
567.8,6,4,5.7,0,127,0
266.3,4,1,2,0,58.1,1
298.34,4,3,0.9,0,83.1,1
479.5,8,1,3.8,0,114,0
346.3,7,1,2.2,0,110,0
295.29,4,0,2.2,0,78.5,1
271.35,3,1,3.1,0,30.5,1
281.27,4,1,2.2,0,87.3,1
360.4,7,1,2.9,0,110,0
238.33,2,1,2.6,0,29.3,1
153.18,3,3,-0.8,0,66.5,0
319.33,7,2,-1,0,72.9,0
263.4,1,1,4.5,0,12,1
361.4,8,1,-0.4,0,73.3,1
312.4,5,1,2.8,0,56.2,1
345.4,6,1,2.2,0,96.3,0
293.4,2,0,2.3,0,39.8,1
269.4,2,0,3.8,0,12.5,0
400.4,7,1,3,-1,141,0
293.3,4,1,4.2,0,63.3,0
286.71,3,2,2.2,0,61.7,1
328.8,3,1,3,0,41.6,1
158.16,3,2,-2.2,0,83.6,1
315.4,5,1,1.2,0,59,1
333.4,5,2,1.6,0,62.2,1
301.34,5,2,0.8,0,70,1
379.5,4,1,4.3,0,40.7,1
153.14,4,3,1.3,0,83.6,0
339.4,5,0,3.9,0,49.8,0
180.16,3,1,-0.2,0,67.2,1
159.23,1,0,2.1,0,3.2,1
329.4,5,1,3.5,0,39.7,1
176.17,2,1,0.9,0,64.7,1
349.4,6,1,2.7,-1,124,0
285.4,2,1,3.3,0,23.5,1
226.27,3,2,2.1,0,75.3,1
268.27,6,4,-2.1,0,112,1
365.5,5,1,3.5,0,75.8,1
404,5,1,4.2,0,55.2,1
178.19,2,2,0.9,0,72.2,1
179.22,2,1,1.6,0,38.3,1
213.24,5,2,1.9,0,89.6,0
177.24,2,1,1.4,0,21.3,1
232.23,3,2,1.5,0,75.3,1
318.3,4,2,3.6,0,66.8,0
179.22,2,1,2,0,52.3,1
308.4,2,0,3.2,0,40.6,1
275.35,4,1,0.7,0,44.8,1
293.4,2,0,3.9,0,28.5,1
248.32,3,3,1.8,0,57.3,1
375.5,5,1,2,0,66.6,1
142.16,2,1,-1.3,0,63.4,1
351.4,5,1,0.1,0,68.8,1
298.34,6,0,1.8,0,50.7,1
439.6,7,0,3.1,0,114,0
424.5,7,4,1.6,0,124,0
324.8,2,0,3.6,0,32.7,1
312.4,2,0,2.7,0,40.6,1
218.25,2,2,0.9,0,58.2,1
285.36,5,1,3.2,0,83.1,0
236.31,4,1,1.9,0,55.6,1
221.3,3,3,0.1,0,53.2,1
373.9,4,0,4.9,0,35,1
287.4,2,1,4.1,0,23.5,1
314.5,2,0,3.9,0,34.1,1
284.4,3,0,4.5,0,31.8,1
284.4,3,0,4.8,0,31.8,1
341.4,4,2,3.3,0,58.6,0
368.5,3,0,4.2,1,35.5,0
340.5,4,0,4.8,0,48.8,1
178.27,1,1,3.8,0,20.2,1
259.34,3,2,3,0,41.5,0
263.4,1,1,4.4,0,12,1
238.24,4,1,-0.8,0,78.7,1
181.21,2,0,0.7,1,33.4,1
285.4,4,0,3.3,0,28.6,1
248.71,4,2,2.7,0,77.8,1
167.2,2,1,1,0,46.2,1
386.8,6,0,4,0,47.7,1
383.5,5,1,2.1,0,73.6,1
297.4,3,0,3.7,0,21.7,1
314.41,7,2,0.3,0,112,0
244.2,7,4,-1.8,0,144,1
475.3,6,2,2.3,0,123,1
234.2,7,1,3.6,0,76.4,1
410.5,6,0,2.7,0,61.9,1
720.9,9,4,6,0,202,0
275.34,3,1,2.2,0,47.6,1
260.37,2,1,2.7,0,32.3,1
90.15,2,2,0.2,0,75.2,1
137.14,2,2,1.3,0,63.3,1
224.21,4,2,-0.8,0,78.9,1
258.23,5,2,3,0,83.8,1
238.28,3,2,2,0,75.3,1
261.4,1,0,3.3,0,3.2,1
200.05,8,0,2.8,0,9.2,1
279.8,1,0,5.4,0,3.2,1
250.28,6,2,-0.1,0,106,1
272.37,5,3,0.2,0,86.8,1
392.4,9,3,0.1,0,98.9,0
395.5,5,1,3,0,52.6,1
379.5,5,1,3.1,0,54,1
581.6,15,12,-8,0,336,0
265.22,8,5,-1.4,0,152,0
414.5,8,3,1.1,0,175,0
253.28,6,2,0.9,0,107,1
398.4,9,3,-0.7,0,150,0
267.31,6,2,1,0,107,1
341.4,6,2,0.6,0,110,1
290.4,6,1,0.1,0,114,1
354.5,5,1,1.6,0,84.1,1
371.5,2,0,7.1,0,12.5,1
300.74,3,1,2.2,0,52.9,1
656.7,14,3,1.2,0,189,1
291.4,1,0,5.6,0,3.2,1
471.7,3,2,6.6,0,43.7,0
288.4,2,1,3.3,0,37.3,1
258.23,4,1,0.3,0,83.6,1
180.16,3,1,-0.8,0,67.2,1
201.25,3,1,2.5,0,69.8,1
356.2,5,3,-0.3,0,112,1
399.6,5,0,5.4,0,60.3,1
370.6,4,0,5.9,0,57.1,1
189.22,4,0,0.5,0,41.1,1
328.4,5,1,0.9,0,84.1,1
312.4,2,1,2.4,0,37.3,1
247.27,5,0,-0.4,0,106,1
178.23,2,0,0.3,0,33.2,1
382.5,6,0,3.2,0,61.6,1
311.4,4,2,1.5,0,86.9,0
270.35,3,2,2.3,0,83.6,0
421.4,7,2,0.5,0,103,1
304.39,5,1,3.5,0,69,1
133.19,1,1,1.5,0,26,1
371.9,4,0,2.8,0,42.4,1
253.26,7,3,1,0,130,0
343.2,3,0,2.4,0,43.1,1
252.73,0,0,2.8,0,0,1
229.38,4,2,0.3,0,66.8,1
407.5,7,0,5,0,35,1
409.4,7,1,3.5,0,40.5,1
352.4,6,0,5.2,0,31.8,1
301.5,2,1,4.5,0,23.5,1
298.4,3,0,4.7,0,31.8,1
143.14,3,0,0.3,0,46.6,1
290.32,7,2,0.9,0,106,1
370.4,7,4,2.7,1,119,0
369.4,8,3,2.5,0,118,1
294.4,2,0,5.8,0,6.5,1
456.6,7,3,2.4,0,119,0
89.09,2,1,-0.2,0,52.3,1
1111.3,18,6,9.1,0,332,0
1449.2,26,19,-2.6,0,531,0
277.4,3,1,2.9,0,32.7,1
129.16,3,2,-2.2,0,63.3,1
237.29,4,1,1.5,0,39.7,1
220.34,2,1,2.8,0,49.7,1
211.22,3,2,-1.3,0,88.2,1
305.33,4,0,1,0,74.3,1
267.24,6,2,0,0,93.2,1
307.4,2,0,2.5,0,37.6,1
212.23,5,1,0.2,0,94.6,1
388.8,7,0,0.5,0,91.8,1
331.9,3,0,4.8,0,37.8,1
392.5,6,3,1.9,0,94.8,1
404.5,6,2,2.2,0,101,1
209.24,3,2,1.1,0,72.6,1
362.5,5,3,1.6,0,94.8,1
360.4,5,3,1.6,0,94.8,1
272.4,2,2,4,0,40.5,0
608.7,10,1,4,0,118,1
415.5,6,1,1.9,0,147,0
211.26,4,4,-0.6,0,72.7,0
169.18,4,4,-1.2,0,86.7,0
183.2,4,4,-1.4,0,72.7,0
135.21,1,1,1.8,0,26,1
402.5,6,2,2.4,0,101,1
236.27,3,2,1.8,0,75.3,1
208.21,3,2,1,0,75.3,1
358.4,5,2,1.5,0,91.7,1
392.5,6,3,2,0,94.8,1
378.4,6,3,1.4,0,94.8,1
416.5,6,2,2.7,0,101,1
334.4,5,2,1.8,0,112,0
138.17,3,0,0.1,0,43.6,1
150.22,2,2,1.3,0,38,1
323.13,5,3,1.1,0,115,1
177.45,1,1,2,0,20.2,1
825,12,3,2.8,0,171,0
267.32,3,2,2.3,0,43.7,1
231.29,3,0,1,0,26.8,1
317.4,4,0,2.9,0,38.8,1
396.4,8,2,-0.4,0,167,0
197.19,5,4,-2.7,0,104,1
442.6,6,2,1.6,0,81.1,1
217.26,2,1,1.9,0,46.2,1
310.5,3,0,5.6,0,31.8,1
326.5,4,0,4.2,0,48.8,1
380.4,7,2,1.2,0,131,0
435.9,7,2,2.4,0,138,0
232.28,4,2,1.4,0,105,1
399.4,6,1,1,0,83.1,0
136.19,2,2,0.9,0,38,1
401.4,7,2,2.4,0,138,0
119.37,0,0,2.3,0,0,1
349.4,6,3,-1.1,0,138,0
223.22,4,1,1.4,0,56.8,1
88.15,1,1,1.6,0,20.2,1
133.4,0,0,2.4,0,0,1
250.29,2,0,2.5,0,32.7,1
204.22,3,3,-1.1,0,79.1,1
28.05,0,0,1.2,0,0,1
64.51,0,0,1.2,0,0,1
84.93,0,0,1.5,0,0,1
76.15,2,0,2.1,0,64.2,1
42.08,0,0,1.6,0,0,1
44.05,1,0,-0.1,0,12.5,1
122.99,0,0,1.8,0,0,1
98.96,0,0,1.9,0,0,1
74.12,1,1,0.5,0,20.2,1
282.76,1,1,2.1,0,20.2,1
86.18,0,0,3,0,0,1
88.15,1,1,0.9,0,20.2,1
118.48,3,0,1.9,0,0,1
170.92,4,0,2.8,0,0,1
242.4,4,0,1,0,85,1
434.5,7,2,2.5,0,93.1,1
210.23,3,2,1.1,0,75.3,1
243.4,1,0,3.6,0,3.2,1
261.36,3,0,2.8,0,29.5,1
212.25,3,2,1.7,0,75.3,1
303.8,2,0,4.1,0,12.5,1
203.24,2,0,1.2,0,37.4,1
332.4,4,2,1.1,0,101,1
237.09,2,2,1.5,0,72.2,1
279.13,3,2,2.3,0,75.3,1
102.17,1,1,1.4,0,20.2,1
98.14,1,1,0.8,0,20.2,1
121.14,4,4,-2.9,0,86.7,0
725.7,8,4,5.1,0,118,1
145.2,2,1,1.5,0,52.3,1
74.12,1,1,0.8,0,20.2,1
72.11,1,0,0.3,0,17.1,1
133.4,0,0,1.9,0,0,1
131.38,0,0,2.6,0,0,1
74.08,2,0,0.2,0,26.3,1
214.69,2,2,1.8,0,40.5,1
228.29,2,2,3.3,0,40.5,1
433,2,0,7.1,0,6.5,1
374.5,5,3,1.9,0,94.8,1
446,6,0,4.8,0,61.3,1
189.21,2,0,0.8,0,37.4,1
165.23,2,2,0.9,0,32.3,0
179.22,3,1,2.4,0,52.3,1
106.16,0,0,3.1,0,0,1
120.19,0,0,3,0,0,1
86.18,0,0,3.2,0,0,1
84.16,0,0,3.4,0,0,1
180.55,3,0,3.8,0,0,1
106.16,0,0,3.1,0,0,1
104.15,0,0,2.9,0,0,1
109.13,2,1,0,0,33.1,0
106.16,0,0,3.2,0,0,1
122.99,0,0,2.1,0,0,1
54.09,0,0,2,0,0,1
57.09,1,1,0.1,0,26,1
86.18,0,0,3.2,0,0,1
86.13,1,0,0.9,0,17.1,1
89.14,2,1,-0.4,0,23.5,1
102.13,2,0,0.9,0,26.3,1
106.16,0,0,3.2,0,0,1
102.13,2,0,1.2,0,26.3,1
72.15,0,0,3.4,0,0,1
70.09,1,0,1.3,0,9.2,1
116.16,2,0,1.8,0,26.3,1
86.18,0,0,3.9,0,0,1
84.16,0,0,3.4,0,0,1
112.21,0,0,4.6,0,0,1
128.25,0,0,4.5,0,0,1
733.9,14,5,2.7,0,194,0
42.08,0,0,1.4,0,0,1
228.3,4,0,0.4,0,85,1
246.26,3,1,1.8,0,66.5,1
224.26,3,2,1.4,0,75.3,1
157.17,3,0,0.8,0,46.6,1
214.22,3,1,3.8,0,46.5,1
188.27,1,2,2.5,0,41.8,1
194.18,4,0,2.2,0,52.6,1
314.12,2,0,1.3,0,23.6,1
211.64,2,1,2.1,0,38.3,1
186.21,2,1,1.3,0,46.3,1
88.15,1,1,1.2,0,20.2,1
201.2,5,2,0.5,0,106,1
88.11,2,0,0.7,0,26.3,1
100.2,0,0,4.4,0,0,1
240.3,3,2,2.5,0,75.3,1
352.5,4,1,3.7,0,55.6,1
316.5,2,1,4.2,0,37.3,1
414.5,6,2,2.9,0,121,0
262.3,3,1,2.3,0,66.5,1
32.046,2,2,-1.5,0,52,1
327.4,4,1,2.6,0,49.8,1
430.6,4,1,3.7,0,73.4,1
211.69,1,1,2,0,29.1,1
363.5,4,1,3.6,0,30,1
295.4,3,0,2.7,0,26.8,1
446.6,7,0,3.7,0,80.8,1
270.71,2,0,2.8,0,32.7,1
392.5,3,0,3.8,0,32.8,1
260.29,3,1,2.7,0,66.5,1
287.35,4,1,1.8,0,41.9,1
181.23,2,1,1.7,0,52.3,1
98.48,2,0,1.5,0,0,1
181.23,3,3,0.6,0,52.5,0
392.5,6,3,1.9,0,94.8,1
598.2,9,0,6.3,0,89,1
126.08,4,0,1.9,0,9.2,1
376.5,5,2,2,0,74.6,1
309.4,2,0,4.4,0,20.3,1
267.4,2,2,3,0,32.3,1
295.4,2,0,3.5,0,20.3,1
339.5,3,0,4.2,0,29.5,1
247.33,3,1,1,0,40.5,1
188.26,3,1,1.7,0,38.7,1
480.6,6,1,4.7,0,52.2,0
359.6,3,0,5.9,0,53.8,1
195.17,4,3,0.9,0,86.6,1
204.27,2,2,1.2,0,39.3,1
197.66,1,1,1.7,0,29.1,1
353.5,3,0,4.3,0,29.5,1
250.29,3,2,2,0,75.3,1
251.29,4,0,-0.5,0,61.7,1
284.25,5,3,-1.6,0,85.8,1
398.9,4,1,3.2,0,55.9,1
155.15,3,0,0.8,0,46.6,1
161.65,2,0,2.1,0,41.1,1
149.23,1,1,2.1,0,12,1
236.48,3,2,1.8,0,58.6,1
100.2,0,0,3.7,0,0,1
100.2,0,0,3.7,0,0,1
114.23,0,0,4.3,0,0,1
346.5,4,2,2.7,0,74.6,1
151.16,2,2,0.7,0,49.3,1
130.18,2,0,1.9,0,26.3,1
167.8,0,0,2.7,0,0,1
281.3,5,0,0.9,0,57.2,1
102.17,1,0,1.4,0,9.2,1
409.6,5,0,5,0,52.1,1
204.22,2,0,1.5,0,41.9,1
192.96,4,0,2.1,0,9.2,1
336.3,4,1,3.3,0,83.6,1
240.3,2,2,2.2,0,55.1,1
396.5,4,1,3.6,0,49.4,1
102.03,4,0,1.7,0,0,1
335.2,3,1,2.4,0,52.9,1
358.4,5,1,3.5,0,35.9,1
142.28,0,0,5.3,0,0,1
140.27,0,0,5.7,0,0,1
271.27,5,3,0.5,0,128,1
286.71,3,1,2.3,0,52.9,1
162.15,4,1,1.1,0,59.2,1
193.25,2,2,1.1,0,73.6,1
204.31,4,4,-0.1,0,64.5,0
368.5,8,4,1.2,0,157,1
245.36,2,0,3.8,0,20.3,1
280.39,4,1,1.9,0,71.8,1
215.33,1,1,3.3,0,12,1
217.35,1,0,4,0,3.2,1
285.4,4,0,3.4,0,44.7,1
321.5,2,1,3.8,0,23.5,1
1449.2,26,19,-2.6,0,531,0
867,12,4,2.8,0,228,0
430.7,2,1,10.7,0,29.5,1
337.4,5,0,2.8,0,65.1,1
353.5,3,0,4.3,0,29.5,1
356.4,5,0,3.6,0,32.8,1
339.5,3,0,4.2,0,29.5,1
263.35,3,0,3.3,0,20.3,1
88.15,1,0,0.9,0,9.2,1
327.4,5,0,3.3,0,36.4,1
221.25,3,1,2.2,0,47.6,1
142.28,0,0,5,0,0,1
267.4,2,2,2.9,0,32.3,1
291.4,2,0,2.8,0,18.8,1
385.5,5,1,1.2,0,81.9,1
229.63,5,4,-0.7,0,159,0
343.9,3,0,3.6,0,44.1,1
461.5,4,1,6.3,0,35.6,1
381.4,4,1,3.7,0,52.6,1
207.27,2,1,2.4,0,38.3,1
476.6,7,2,3.6,0,101,1
203.32,1,1,3.3,0,12,1
462.5,8,3,1.8,0,138,1
219.28,2,0,2.5,0,29.5,1
226.23,4,3,0.2,0,95.5,1
146.06,6,0,4.2,0,1,1
411.6,6,1,2.6,0,72.3,1
177.25,3,0,1.5,0,29,1
305.2,2,1,3.1,0,41.5,1
243.26,3,1,0.7,0,63.2,1
300.8,2,0,3.6,0,47.7,1
425.6,6,1,3.1,0,72.3,1
470.3,7,2,2.9,0,138,0
290.38,4,0,2.4,0,23.6,1
140.27,0,0,4.7,0,0,1
128.25,0,0,4.8,0,0,1
208.26,3,2,2,0,50.4,1
238.28,2,2,2.2,0,41.1,1
314.4,4,0,4.9,0,41,1
341.4,6,3,1.3,0,138,0
242.7,3,2,2,0,50.4,1
265.6,3,2,2.1,0,49.7,1
175.18,2,1,1.6,0,52.3,1
265.35,4,1,2.9,0,39.7,1
271.4,2,1,2.6,0,23.5,1
405.4,8,3,-3,0,164,0
261.36,3,1,2.6,0,30.5,1
327.5,4,0,4.8,0,35,1
330.4,4,0,3.4,0,49,1
341.4,4,1,1.4,0,70.5,1
388.5,5,0,3.3,0,40.6,1
581.6,15,12,-8,0,336,0
410.6,5,1,4,0,69.1,1
451.5,8,1,4.7,0,55.2,1
143.23,1,1,1.9,0,43.1,1
161.24,1,1,2.5,0,26,1
274.36,4,2,2.4,0,90.6,1
293.4,1,0,4.5,0,18.1,1
367.5,4,0,4.3,0,38.8,1
408.9,5,3,2.2,0,94.8,1
221.29,3,1,2.5,0,30.5,1
339.4,4,1,3.5,0,49.8,1
195.21,3,2,0.8,0,58.6,1
144.26,2,2,2.4,0,38,1
378.4,7,3,1.1,0,149,0
329.8,2,0,2.9,0,26.8,1
294.4,3,0,4.3,0,24.8,1
313.3,5,1,2.2,0,81.7,1
453.9,8,2,2.6,0,138,0
300.8,2,1,4.6,0,15.3,1
230.26,3,0,2.7,0,44.1,1
449.6,5,1,6.1,0,18.5,1
521,7,1,3,0,107,1
284.4,1,0,4.6,0,8.2,1
458.5,7,2,0.7,0,190,0
312.4,1,0,4.7,0,17.8,1
293.4,1,0,5.1,0,3.2,1
161.24,1,1,1.9,0,26,1
191.23,2,1,1.2,0,38.3,1
504.6,8,1,3.6,0,107,1
532.6,8,1,4.8,0,99.1,1
324.8,3,0,4.2,0,35.5,1
218.25,2,1,1.5,0,49.4,1
311.5,2,0,5.1,0,12.5,1
366.5,4,1,4.5,0,41.6,1
323.5,3,0,3.3,0,44.1,1
326.5,3,0,3.1,0,48.8,1
353.5,3,0,4.3,0,29.5,1
301.4,2,1,3.6,0,33.1,1
697.8,12,6,4.9,0,201,0
123.16,3,0,0.9,0,29,1
295.4,2,1,3.5,0,21.3,1
237.3,1,1,2.4,0,43.1,1
267.75,2,0,1.7,0,26.8,1
263.4,1,0,4.6,0,3.2,1
486.1,5,0,4.2,0,58.6,1
276.37,3,1,1.7,0,45.3,1
264.32,2,0,2.9,0,32.7,1
312.8,2,0,3.3,0,23.6,1
288.77,2,0,3.2,0,32.7,1
235.28,1,1,2.9,0,43.1,1
443.9,7,1,4.1,0,40.5,1
255.35,2,1,3.3,0,21.3,1
291.4,1,0,5.6,0,3.2,1
223.27,3,0,1.9,0,50.9,1
405.4,6,2,2.3,0,128,1
309.9,2,0,4.6,0,12.5,1
326.5,4,0,4.3,0,48.8,1
432.5,6,2,3.2,0,101,1
214.69,2,2,1.8,0,40.5,1
445.6,6,1,3.1,0,117,1
344.5,4,0,5.2,0,57.1,1
276.29,4,1,0.1,0,83.6,1
223.34,3,1,2,0,57.3,1
307.4,4,0,3,0,48,1
187.28,1,0,2.8,0,3.2,1
229.32,2,0,3.2,0,16.4,1
204.29,2,0,1.8,0,40.9,1
337.5,4,1,5.2,0,70.8,1
356.2,5,3,-0.3,0,112,1
221.64,2,1,1.3,0,46.2,1
295.4,2,0,3.8,0,31.5,1
347.4,6,3,0.6,0,138,0
339.8,3,1,3.1,0,48.2,1
293.4,3,2,2.7,0,58.6,1
304.4,2,0,4.2,1,26.3,0
297.4,3,2,3.8,0,58.4,1
274.25,3,2,1.1,0,72.2,1
828,16,3,2.9,0,206,0
270.4,3,1,4.1,0,40.6,1
279.34,4,0,0.3,0,61.7,1
417,4,1,4.6,0,52,1
294.4,3,0,3.4,0,23.6,1
249.3,1,1,3.7,0,12,1
284.78,3,1,2.6,0,41.6,1
250.34,2,1,3.7,0,35.8,1
433.5,7,0,5.6,0,35,1
280.4,2,0,3,0,23.6,1
278.3,3,1,4,0,33.6,1
425,7,4,2.2,0,128,0
206.2,3,1,0.2,0,72.6,1
238.28,3,2,2,0,75.3,1
273.37,3,0,3.1,0,29.5,1
527.5,11,5,1.8,0,186,0
350.4,5,1,3.1,0,58.6,1
191.27,2,0,1.9,0,12.5,1
268.27,6,2,-1.4,0,98.8,0
256.1,2,1,2.4,0,38.3,1
423.5,9,2,-1.1,0,177,0
245.4,1,0,5.1,0,3.2,1
294.4,2,1,3.2,0,32.3,1
283.4,3,1,3.3,0,32.7,1
334.29,5,0,2.4,0,40.6,1
132.16,3,0,0.7,0,27.7,1
116.16,2,0,1.8,0,26.3,1
130.18,2,0,2,0,26.3,1
126.24,0,0,5.2,0,0,1
180.93,4,0,2.6,0,0,1
394.4,7,4,1.2,0,115,1
157.21,2,1,0.9,0,55.6,1
165.8,0,0,3.4,0,0,1
380.4,6,3,1.7,0,94.8,1
202.25,0,0,4.9,0,0,1
352.7,5,0,4,0,32.7,1
543.5,12,6,1.3,0,206,0
280.4,2,1,4.3,0,15.3,1
263.4,1,0,4.3,0,3.2,1
402.6,5,0,4.6,0,74.3,1
274.36,4,2,2.6,0,90.6,1
354.5,3,1,3.6,1,46.5,0
245.1,2,1,2.2,0,33.6,1
357.1,14,2,3.3,0,50.4,1
191.27,2,0,2.5,0,12.5,1
322.4,4,0,3.6,0,24.9,1
409.5,5,1,4.3,0,50,1
371.4,5,0,4,0,37.4,1
467,6,1,3.8,0,80.7,1
135.21,1,1,1.8,0,26,1
287.74,3,2,1.3,0,57.5,1
311.5,2,1,4.3,0,37.3,1
454.5,12,2,-0.4,0,235,0
186.25,1,1,1.5,0,17,1
268.31,3,1,1.8,0,59.3,1
463.5,8,2,2.9,0,153,0
365.4,7,4,-2,0,158,0
524,7,1,7.3,0,23.5,1
454.5,7,2,3,0,138,0
263.37,3,1,2.6,0,32.7,1
368.8,3,0,3,0,49.8,1
320.34,5,0,1.5,0,76.2,1
282.4,0,0,4.8,1,0,0
232.32,2,1,2.4,0,33.6,0
360.2,3,1,3.9,0,46,1
252.27,2,1,1.7,0,63.4,1
226.23,6,5,-2.2,0,116,0
207.23,3,1,1.2,0,49.8,1
295.4,2,0,3.1,0,29.5,1
398.4,10,4,-2.8,0,187,1
399.4,10,5,-3.5,1,184,1
239.74,2,0,3.1,0,12.5,1
239.74,2,0,3.1,0,12.5,1
337.5,3,2,2.1,0,49.3,1
291.4,2,1,3.1,0,23.5,1
286.3,4,0,1.7,0,50.5,1
214.31,1,1,2.8,0,19,1
257.33,3,0,3.8,0,21.7,1
447.5,12,8,-5.1,0,214,0
325.4,5,1,2.1,0,98.5,0
244.29,3,0,3,0,44.1,1
289.4,1,0,4.4,0,3.2,1
356.7,6,0,5.6,0,15.6,1
384.4,8,3,0.8,0,178,0
267.32,4,5,-0.1,0,108,0
290.36,5,1,3.1,0,69,1
360.8,3,0,2.1,0,49.7,1
46.029,3,1,-0.6,0,55.4,1
371.8,4,0,2.8,0,62.2,1
361.5,2,1,5,0,23.5,1
263.2,7,1,1.8,0,85.3,1
351.8,4,0,1.6,0,46.3,1
714.1,8,0,11.6,0,104,1
298.8,2,1,2.6,0,35.8,1
235.32,3,1,0.4,0,40.5,1
332.5,2,1,5,0,37.3,1
349.4,6,3,0.4,0,138,0
293.4,2,2,3.6,0,32.3,1
315.4,3,3,1.9,0,69.6,1
250.29,3,1,3,0,19,1
348.8,5,2,1.6,0,73.1,1
230.06,2,2,2.8,0,63.3,1
309.4,5,4,0.7,0,82,0
414.5,6,0,3.1,0,84.4,0
302.5,2,0,3.4,0,33.5,1
370.5,3,1,3.5,0,54.4,1
280.3,4,1,0.5,0,91.9,1
206.28,2,1,3.5,0,37.3,1
275.4,1,1,3.8,0,12,1
470.5,13,2,0.8,0,206,0
318.73,4,1,2.3,0,52.9,1
308.8,2,0,3.1,0,32.7,1
452.6,5,1,4.4,0,81.2,1
377.9,4,0,3,0,42.4,1
753.9,10,5,2.7,0,165,0
478,8,0,2.8,0,130,1
387.9,4,0,4.5,0,37.4,1
386.6,4,0,4,0,61,1
543.5,12,6,1.3,0,206,0
178.51,5,0,1.8,0,9.2,1
471.5,12,2,-0.6,0,239,0
168.04,7,0,2.6,0,9.2,1
212.29,1,1,2.7,0,24.4,1
347.4,4,0,5.6,0,3.2,1
293.4,2,0,4.2,0,11.4,1
520.6,9,1,3.6,0,99.1,1
370.9,2,0,4.6,0,23.6,1
311.8,2,0,4,0,12.5,1
254.33,3,2,3,0,75.3,1
519.6,12,4,-3.2,0,244,0
542.6,13,4,-1.9,0,264,0
517.6,8,3,0.5,0,182,0
525.6,13,3,-2.4,0,251,0
514.6,8,0,7.2,0,48.8,1
245.34,3,2,2,0,71.6,1
334.8,4,2,3,0,75.7,1
645.7,13,4,-0.7,0,271,0
310.19,3,1,3.1,0,34.4,1
228.33,1,2,3.3,0,27.8,1
287.39,4,1,3.9,0,70.8,1
198.22,3,2,1.2,0,75.3,1
171.24,2,1,2.1,0,52.3,1
520.5,13,4,-0.6,0,232,0
314.5,2,1,4.2,0,44.3,1
363.4,7,4,-2.1,0,158,0
383.5,7,2,0.8,0,119,1
305.4,3,0,4.3,0,30.3,1
309.4,3,0,2.9,0,18.8,1
532.5,7,0,4.8,0,64.9,0
432.5,8,1,2.8,0,72.9,1
575.6,15,4,0.1,0,321,0
367.8,6,3,-1.8,0,138,0
333.36,7,1,0.3,0,64.1,0
450.5,5,1,5.4,0,28.4,1
236.27,2,0,2.8,0,34.9,1
416.5,6,0,2.2,0,81,1
253.34,2,0,1.8,0,11.4,1
413.5,6,3,1.1,0,131,0
269.38,3,1,0.8,0,52.6,1
338.4,5,0,2.6,0,71.8,1
530.1,5,0,7.9,0,46.6,1
575.6,15,4,0.1,0,321,0
247.38,2,1,4.2,0,23.5,1
321.5,2,1,3.9,0,20.2,1
250.34,1,0,2.9,0,15.6,1
274.24,5,1,1.9,0,41.6,1
293.4,2,2,3.6,0,32.3,1
144.21,2,2,0.5,0,55.1,1
292.4,2,1,3.4,0,38,1
520,8,0,2.7,0,147,1
301.4,4,1,3.8,0,46.6,1
370.5,3,0,4.9,0,36.3,1
418.6,5,1,4.7,0,72.8,1
322.2,2,1,5.5,0,32.6,1
371.27,4,1,2.1,0,50.8,1
305.4,2,0,3.8,0,21.1,1
424.5,7,4,1.6,0,124,1
299.4,4,0,3.5,0,62,1
394.2,4,2,2.3,0,92.5,1
404.3,2,0,4.8,0,37.6,1
356.5,4,0,4.4,0,31.7,1
359.5,6,0,1.8,0,69.6,1
209.21,6,2,-1.1,0,99.1,1
705.6,9,0,5.7,0,101,0
394.4,5,1,3.6,0,61.6,1
442.4,4,2,3.7,0,79.3,0
425.4,3,0,4.3,0,32.8,1
212.29,1,1,1.5,0,24.4,1
440.6,6,0,4.3,0,85,1
374.4,9,5,-1.7,0,130,0
238.33,2,1,2.6,0,29.3,1
186.25,1,1,2.7,0,28.7,1
399.4,8,1,1.6,0,64.1,0
362.27,6,3,0.6,0,116,1
401.5,7,0,1.5,0,95.1,1
941,19,5,3.4,0,242,0
415.5,7,2,2,0,74.3,1
363.4,8,1,-0.3,0,89.4,0
170.21,2,1,-0.3,0,63.4,1
478.9,6,0,2.8,0,84.9,1
415.5,7,1,4.6,0,77.1,1
440.9,3,1,4.1,0,40.5,1
268.35,2,2,2.3,0,55.1,1
309.4,3,1,3.3,0,31.9,1
385.5,5,1,3.3,0,97.8,1
283.4,2,1,5,0,23.5,1
370.5,4,0,3.6,0,32.8,1
375.6,5,1,2.7,0,97,1
307.4,4,2,2.8,0,50.7,1
495.6,6,1,5.8,0,67.4,0
420.5,7,0,2.7,0,81,1
251.33,2,0,3.9,0,21.1,1
376.5,5,0,3.1,0,62.5,1
421.4,7,2,0.5,0,103,0
296.37,4,0,1.8,0,49.6,1
466.6,6,0,4.1,0,71.8,1
247.68,3,0,2.5,0,43.8,1
358.4,5,1,2.3,0,67.9,1
670.8,7,5,4.2,0,167,0
448.4,4,1,4.6,0,44.8,1
372.7,5,1,3.6,0,58.3,1
281.42,5,0,3.3,0,66.5,1
320.82,5,0,1.8,0,50.1,1
376.4,6,0,1.9,0,76.2,1
421.6,4,0,4.4,0,36,1
558.6,6,4,5,0,112,1
349.3,8,1,2.2,0,68.2,1
297.4,3,1,4.3,0,49.5,1
412.9,5,1,4,0,76.7,1
411.5,6,1,3,0,101,1
393.5,4,1,4.2,0,52.6,1
335.4,3,0,4.6,0,21.7,1
318.37,4,1,2.2,0,86.4,0
275.4,3,0,3.2,0,29.5,1
275.4,3,0,3.2,0,29.5,1
263.33,4,1,2.1,0,49.8,1
102.17,1,0,1.6,0,9.2,1
394.5,4,0,3.8,0,49.8,1
149.19,2,1,1.1,0,43.1,1
231.33,2,1,1.8,0,23.5,1
311.5,2,1,3.7,0,23.5,1
353.5,3,0,4.3,0,29.5,1
453.6,6,1,3.2,0,68.2,1
507.6,9,0,5.4,0,53.5,1
323.5,4,0,4.4,0,55.6,1
475.7,7,1,3.5,0,97.8,1
384.5,5,1,4.5,0,61.2,1
304.8,3,1,4.7,0,40.6,1
416.4,10,2,0.3,0,99.8,1
623.7,9,2,4.6,0,128,1
578.6,9,1,5.5,0,112,1
472.6,7,1,3.8,0,107,1
419,5,1,3.6,0,45.2,1
567.8,6,4,5.7,0,127,0
363.9,4,1,4.7,0,47.6,1
390.5,5,1,3.9,0,72.8,1
193.24,2,2,0.6,0,63.3,1
1422.7,21,17,-4.1,0,556,0
433.5,7,1,2,0,114,0
408.9,5,0,2,0,75.2,1
496,4,1,6.9,0,35.6,1
366.5,1,0,5.8,0,8.2,1
415.9,4,1,3.7,0,52.6,1
416.9,4,2,3.7,0,64.7,1
298.4,3,0,4.9,0,31.8,1
296.4,2,0,4.8,0,21.3,1
195.22,2,0,2.9,0,26,1
258.32,3,0,3.6,0,44.1,1
354.5,4,0,5.4,0,41,1
405,6,1,3.2,0,68.1,1
231.29,3,0,2.4,0,29.5,1
297.3,4,1,2.2,0,49.8,1
288.28,7,3,-0.8,0,156,0
262.28,4,0,3.2,0,44.1,1
461.5,9,2,1.7,0,163,0
487.4,4,0,4.6,0,75.2,1
182.25,3,2,0.3,0,69.4,1
241.33,2,1,2.9,0,21.3,1
282.76,3,1,1.8,0,41.6,1
267.32,2,0,2.7,0,29.5,1
288.4,3,1,3.8,0,47.3,1
163.26,1,0,2.7,0,3.2,1
202.3,2,1,2.3,0,15.3,1
238.33,2,1,3,0,15.3,1
254.08,2,1,1.3,0,46.2,1
446,5,1,5.3,0,86.2,1
233.31,3,1,2.1,0,38.3,1
440.5,12,2,-0.7,0,235,0
325.32,5,0,2,0,87.7,1
156.26,1,1,3.3,0,20.2,1
215.33,2,2,2.4,0,49.3,1
340.37,8,2,-0.4,0,109,1
248.28,3,1,2.5,0,58.6,1
414.5,7,1,2,0,103,1
491.9,9,2,1.3,0,164,0
344.8,3,0,3.3,0,49.8,1
499.6,5,1,3.6,0,66.8,0
295.34,4,0,4.3,0,56.5,1
246.35,2,1,1.4,0,46.3,1
293.4,2,0,3.9,0,20.3,1
289.76,4,1,2.5,0,49.2,1
324.2,4,1,3.1,0,49.2,1
315.4,5,0,3.2,0,47.1,1
220.27,4,1,1.1,0,33.7,1
313.4,4,1,3,0,39.7,1
245.36,2,0,3.4,0,20.3,1
496.5,14,3,-1.3,0,220,0
359.5,4,1,3.6,0,44.8,1
309.4,5,1,1.6,0,69.2,1
521,7,1,2.9,0,107,1
285.32,6,2,0.3,0,112,0
350.4,4,2,1.8,0,68.4,1
512.6,7,0,3.4,0,90.5,1
323.39,7,1,1,0,97.3,1
335.78,3,1,0.5,0,69.7,1
262.26,4,2,0.3,0,84.5,1
204.27,2,1,0.2,0,46.3,1
140.14,2,1,-0.9,0,49.4,1
281.35,3,0,2,0,36.4,1
216.23,4,3,-1.7,0,95.5,1
330.5,2,0,4.4,0,23.6,1
408.7,3,1,4.7,0,32.7,1
428.5,6,1,2.5,0,73,1
434.5,7,2,1.9,0,101,1
291.33,4,3,0.3,0,124,1
309.4,3,1,3.4,0,30.5,1
204.29,2,0,1.8,0,40.9,1
160.17,2,0,1.9,0,26.3,1
198.22,2,1,3.5,0,37.3,0
226.27,3,2,2.2,0,75.3,1
278.4,2,0,5,0,6.5,1
324.37,5,1,1.4,0,77.1,1
198.22,3,2,0.7,0,41.1,1
192.21,3,0,-0.1,0,42.4,1
128.09,4,1,1,0,20.2,1
383.5,5,1,3.4,0,44.8,1
287.11,3,2,1.5,0,75.3,1
401.5,6,0,2.8,0,78.3,1
306.2,1,1,4.8,0,12,1
337.4,3,1,3.6,0,44.8,1
567.5,6,0,5,0,86.7,1
391.5,4,1,2.8,0,39.3,1
320.4,3,0,3.6,0,36.7,1
478.6,10,3,0.4,0,212,0
322.1,4,2,2.7,0,74.6,1
311.4,4,0,2.5,0,30.9,1
287.81,6,1,2.3,0,69.6,1
441.5,8,0,2.9,0,123,0
552.6,15,11,-6.8,0,297,0
185.31,1,1,3.2,0,43.1,1
414.5,6,3,0.7,0,136,0
397.4,6,1,3.3,0,54,1
266.3,4,1,1.4,0,63.8,1
311.4,4,0,3.5,0,28.6,1
255.31,2,0,1.4,0,29.8,1
370.8,4,1,4.4,0,67.8,1
315.87,6,1,3.1,0,69.6,1
454.5,8,1,4.6,0,52,1
479.6,8,1,2.3,0,123,0
368.9,3,0,3.4,0,41.9,1
293.4,1,0,5.2,0,3.2,1
329.8,2,1,2.1,0,66.6,1
295.4,4,2,1.6,0,49.3,1
342.2,2,0,3,0,30.2,1
282.3,4,2,-1.8,0,98.8,1
226.32,1,1,2.3,0,17,1
271.15,2,1,2.6,0,32.3,1
181.23,2,1,1.4,0,46.2,1
155.24,1,1,1.8,0,43.1,1
284.4,3,0,3.1,0,48.8,1
376.5,5,2,2.2,0,76.8,1
362.5,5,1,1.4,0,66,1
277.4,2,0,3.4,0,12.5,1
264.32,4,1,1.1,0,58.6,1
402.5,6,2,3.6,0,113,1
428.6,5,1,4.6,0,80.7,1
437,6,2,1.2,0,95.1,1
322.2,2,0,4.5,0,12.5,1
355.5,6,2,1.1,0,110,1
187.24,3,2,0.8,0,66.4,1
168.26,3,1,1.3,0,53.2,1
656.7,13,7,2.3,0,235,0
356.8,3,1,4.1,0,49.4,1
274.79,1,1,3.8,0,19,1
460.6,7,1,3.3,0,107,1
390.4,7,2,0.2,0,138,0
133.19,1,1,2.3,0,12,1
174.2,2,1,1.8,0,32.3,1
307.4,2,0,4.2,0,12.5,1
360.9,4,0,4.4,0,24.9,1
430.9,4,0,3.5,0,40.6,1
426.5,6,2,3.5,0,121,0
272.34,4,1,2.1,0,49.5,1
143.23,1,1,2.1,0,43.1,1
281.4,2,0,4.6,0,28.5,1
346.4,5,0,1.3,0,57.7,1
256.4,2,1,3.3,0,47.3,1
425.3,5,2,2.6,0,81.1,1
380.5,4,1,3.8,0,50.8,1
214.26,2,0,0.6,0,32.7,1
316.32,6,2,1.5,0,61.6,1
246.3,2,1,1.4,0,49.4,1
258.35,4,0,4.3,0,52.6,1
288.34,4,0,1,0,49.8,1
329.5,4,1,3.4,0,58,1
308.2,3,0,1.7,0,62.8,1
477,5,2,4.7,0,68.2,1
316.4,2,1,5,0,24.9,1
192.3,2,1,2.2,0,29.3,1
270.29,3,1,1.1,0,69.3,1
408.4,7,1,3.7,0,26.7,1
296.34,5,1,1.4,0,91.9,1
382.5,7,3,1.2,0,122,1
211.28,3,2,1.7,0,32.3,1
328.8,4,0,3.8,0,43.2,1
314.4,6,2,1.7,0,70.5,1
751.9,15,5,2.8,0,194,0
393.7,3,0,4.4,0,24.8,1
790,15,4,3.7,0,200,0
406.5,4,1,1.9,0,77.5,1
350.4,6,1,1.4,0,128,0
349.9,4,2,2.5,0,67.6,1
420.5,6,0,3.3,0,61.9,1
305.4,2,0,5.1,0,12.5,1
426.5,7,0,4.1,0,64.8,1
330.4,6,2,1.8,0,137,0
268.27,6,2,-1.4,0,98.8,0
479,6,0,3.8,0,77.5,1
351.4,6,3,-1.3,0,138,0
285.4,1,0,4.5,0,3.2,1
411.4,8,5,2,0,158,0
342.5,3,1,2.9,0,54.4,1
481.5,8,2,2.7,0,153,0
281.3,5,2,-0.1,0,87.1,0
166.22,3,2,1.1,0,47.3,1
303.4,4,1,2.6,0,49.8,1
267.4,2,0,3.9,0,28.5,1
240.3,2,2,2.9,0,41.1,1
272.73,2,1,2.5,0,32.3,1
216.24,2,2,1.2,0,58.2,1
548.4,11,2,1.1,0,212,0
357.4,5,2,0.3,0,90.7,1
381.4,4,1,3.1,0,52.6,1
313.4,2,1,3.2,0,35.6,1
433.3,6,2,2.7,0,121,0
221.47,2,3,0.7,0,61.4,1
188.22,3,0,1.6,0,42.5,1
326.5,3,0,5.5,0,31.8,1
128.22,2,2,1.4,0,38,1
265.5,4,2,0.5,0,58.9,1
613.1,9,1,4.7,0,109,1
375.4,7,4,-0.8,0,131,0
411.5,6,1,1,0,112,0
177.24,2,0,2.1,0,20.3,1
227.34,3,0,3.2,0,29.5,1
578.7,9,2,2.6,0,181,1
375.4,7,2,2.8,0,126,0
139.15,2,0,-0.3,0,37.4,1
304.82,3,1,3.2,0,35.2,1
218.29,2,1,2,0,33.6,0
261.4,2,0,3.6,0,12.5,1
356.4,5,1,2.6,0,48.5,1
322.4,4,1,4.9,0,77.4,1
291.4,2,0,3.6,0,20.3,1
461.8,4,0,4.6,0,71.3,1
405.6,4,1,4.2,0,49.8,1
430.9,5,3,1.9,0,119,1
258.09,2,2,1.4,0,36.4,1
221.29,3,2,1.8,0,41.5,1
729.8,13,7,0.7,0,277,0
223.22,4,1,1.1,0,64.6,1
387.5,3,2,4.7,0,61.4,1
387.5,7,0,1.2,0,95.1,1
295.4,3,1,2.9,0,31.9,1
206.24,2,2,1.8,0,72.2,1
368.4,4,2,4.5,0,76.7,1
364.8,5,1,1.6,0,106,1
253.3,2,1,1.6,0,46.4,1
379.5,5,2,2.6,0,88.5,0
785.9,12,5,6.9,0,198,0
309.4,6,1,1.9,0,74.1,1
224.26,3,2,2,0,75.3,1
366.4,6,0,5.6,0,31.8,1
209.67,1,2,1.8,0,36.4,1
382.5,5,1,4.7,0,41.8,1
307.82,2,0,2.7,0,26.8,1
322.36,10,8,-5.4,0,204,0
359.4,7,2,-0.2,0,72.9,0
687.9,13,3,2.6,0,166,0
211.22,3,1,1.4,0,58.7,1
401.5,4,1,4.1,0,35.6,1
1141.4,12,10,4.6,0,326,0
297.3,4,1,2.2,0,49.8,1
165.19,2,2,1.3,0,49.3,1
290.8,3,1,4.2,0,54.6,1
366.8,3,1,5.2,0,54.4,0
214.22,3,1,3.1,0,46.5,1
142.2,2,0,2.1,0,18.5,1
209.67,1,2,1.8,0,36.4,1
250.34,3,0,2.3,0,32.8,1
150.22,2,0,0.8,0,16.1,1
277.4,1,1,5.1,0,12,1
360.3,3,0,3,0,29.5,1
228.71,2,2,2.2,0,40.5,1
167.2,3,1,1.3,0,40.5,1
183.2,4,2,0.3,0,60.8,0
128.2,3,1,0.3,0,67.2,1
226.27,3,2,2.1,0,75.3,1
162.23,2,0,1.2,0,16.1,1
286.71,2,1,1.9,0,49.4,1
230.09,1,2,2,0,36.4,1
347.5,2,1,4.6,0,23.5,1
148.2,2,1,0.2,0,24.9,1
259.34,3,2,3,0,41.5,0
339.33,8,2,-0.5,0,162,0
381.5,5,1,5.4,0,65.6,1
323.13,5,3,1.1,0,115,1
258.23,4,1,0.3,0,83.6,1
378.4,6,2,2.7,0,121,0
416.4,9,3,1.4,0,175,0
392.5,3,0,3.8,0,32.8,1
458.6,6,2,4.1,0,101,1
304.4,2,0,4.5,0,6.5,1
494.6,7,2,3.8,0,138,0
183.2,4,2,0.2,0,60.8,0
294.4,2,0,5.4,0,6.5,1
153.18,3,1,0.9,0,40.5,1
206.22,3,0,0.5,0,23.6,1
170.17,3,2,0,0,75.3,1
240.3,3,2,2.6,0,75.3,1
451.5,8,1,4.7,0,55.2,1
237.34,1,1,3.5,0,12,1
299.35,6,3,-0.7,0,142,0
332.5,3,1,3.2,0,54.4,1
385.5,5,1,3.3,0,97.8,1
341.8,4,1,2.7,0,50.4,1
418.3,4,0,3.1,0,64.4,1
504.6,8,1,3.7,0,107,1
296.37,4,1,2.3,0,48.5,1
358.2,5,2,0.8,0,91.8,1
426.6,6,0,3.9,0,85,1
289.4,4,1,2.8,0,58.7,1
409.5,5,0,3.2,0,43.9,1
272.37,5,3,0.2,0,86.8,1
182.22,2,2,0.2,0,58.2,1
261.36,3,0,2.8,0,29.5,1
282.4,3,2,4.5,0,35.5,1
181.23,3,1,1.8,0,40.5,1
195.26,3,1,2.3,0,40.5,1
303.33,5,3,2.8,0,76.4,1
246.35,2,1,2.1,0,36.1,1
823.9,11,4,2.7,0,225,0
367.5,4,0,5.5,0,19.4,1
292.2,1,1,4.4,0,12,1
454.4,12,5,-1.8,0,211,0
319.4,5,0,1.9,0,92.7,1
378.4,6,3,1.5,0,94.8,1
381.4,4,0,6.2,0,3.2,1
238.19,5,1,0.7,0,73.8,1
357.8,5,0,2.4,0,77,1
329.3,2,0,4,0,23.6,1
251.32,4,2,1.2,0,58.6,0
369.5,5,1,2.4,0,61.4,1
262.17,2,1,3,0,23.5,1
297.5,5,0,3.8,0,82.6,1
419.5,5,0,0.3,0,85.2,1
329.8,3,1,4,0,32.7,1
284.31,3,0,1.1,0,58.4,1
262.35,4,1,1.7,0,33.7,1
370.4,6,1,2.5,0,62.2,1
276.37,3,2,2.3,0,52.6,1
377.5,5,0,4.5,0,36.4,1
295.25,7,3,1,0,130,1
328.4,4,4,3.1,0,95.6,0
314.5,2,1,7,0,29.5,1
182.17,6,6,-3.1,0,121,0
175.23,1,2,0.9,0,36.4,0
280.4,2,1,5.5,0,15.3,1
260.21,5,1,1.5,0,55.6,1
432.6,5,1,4.1,0,45.2,1
356.2,5,3,-0.3,0,112,1
361.4,8,1,-0.4,0,73.3,0
388.9,5,1,1.7,0,53,0
527.5,11,5,2.2,0,186,0
264.4,2,0,3.4,0,6.5,1
289.4,4,1,1.8,0,49.8,1
336.4,5,3,1.7,0,87.7,0
574.6,5,0,7.9,0,46.6,1
474.4,5,1,3.7,0,52.6,1
293.4,2,2,3.6,0,32.3,1
267.36,4,2,1.9,0,50.7,1
275.34,3,1,2.2,0,47.6,1
238.24,4,1,-0.8,0,78.7,1
152.23,1,0,2.2,0,17.1,1
252.35,2,1,4.4,0,29.3,1
297.35,6,0,1.7,0,44.7,1
264.4,2,1,3.4,0,15.3,1
298.34,3,3,1.3,0,78.4,1
394.5,6,0,4.6,0,48.8,1
324.8,4,1,0.9,0,63.3,0
378.5,5,3,2,0,75.6,1
285.8,2,0,3.8,0,12.5,1
231.21,4,2,1.8,0,109,1
237.34,1,1,3.5,0,12,1
187.24,1,1,0.5,0,27.6,1
218.25,3,2,1.1,0,58.2,1
537.8,4,0,8.9,0,38.8,1
328.5,4,0,4.7,0,41,1
413.5,6,1,3.1,0,52.6,1
437.5,6,1,4.4,0,67,1
274.74,2,1,3,0,41.5,1
528.6,9,1,3.7,0,120,1
399.9,4,1,4.7,0,54,1
311.4,3,0,4,0,21.7,1
244.31,4,3,0.3,0,104,1
414.5,9,3,1.1,0,187,0
346.8,4,1,3.2,0,50.8,1
401.9,5,0,3.5,0,64.4,1
408.5,4,1,4.8,0,45.3,1
304.31,6,0,3,0,32.8,1
293.4,2,0,3.9,0,20.3,1
289.4,4,1,1.8,0,49.8,1
266.34,4,3,0.2,0,84.6,0
255.35,1,0,3.6,0,18.1,1
330.2,3,1,2.8,0,35.6,1
262.35,4,1,1.7,0,33.7,1
442.6,5,0,4.6,0,59.1,1
208.26,2,1,0.2,0,51.1,1
359.5,2,1,6.1,0,37.3,1
395.6,4,1,4.9,0,60.9,1
414.5,3,1,4.1,0,43.8,1
330.4,6,0,3.3,0,89.6,1
188.27,2,1,1.2,0,15.3,1
661.7,15,2,1,0,268,0
255.27,3,1,1.9,0,59.3,0
239.31,4,4,0.3,0,72.7,0
188.18,4,3,-1.4,0,110,1
329.4,6,0,0.2,0,69.6,1
350.4,4,0,3.1,0,51.6,1
253.34,2,0,2.9,0,12.5,1
341.4,4,2,3.3,0,58.6,0
379.4,4,1,2.9,0,52.6,1
179.26,2,1,2.1,0,35.2,1
454.6,3,1,6.5,0,24.5,1
299.32,4,0,2.4,0,78.5,1
397.8,7,4,-1.4,0,158,0
437.5,9,3,1,0,207,0
124.14,2,1,0,0,41.5,1
377.3,3,1,4,0,49.4,1
318.4,3,0,3.6,0,52.3,1
231.08,2,1,2.4,0,33.6,1
350.4,4,0,3.1,0,51.6,1
376.5,5,0,3.5,0,49.8,1
391.5,4,1,2.8,0,39.3,1
313.5,2,1,5.5,0,23.5,1
196.25,2,1,0,0,49.4,1
230.26,3,1,2.7,0,55.1,1
376.5,3,1,4.9,0,32.3,1
339.5,3,0,4.2,0,29.5,1
814,16,0,4.3,0,184,0
249.35,3,2,3.1,0,41.5,1
266.4,2,1,3.7,0,15.3,1
319.2,3,1,3.7,0,41.6,1
310.5,3,0,4.6,0,31.8,1
266.29,2,1,1.6,0,63.4,1
186.25,1,0,2.4,0,17.8,1
375.4,4,1,4.3,0,35.4,1
304.82,3,0,2.8,0,24.3,1
292.4,2,0,4,0,6.5,1
452.5,7,0,4.1,0,60.5,1
290.4,2,0,3.5,0,6.5,1
273.29,6,0,2.9,0,78.3,1
421.5,7,2,1.8,0,110,1
360.5,5,1,2.9,0,35.9,1
373.5,4,1,4.3,0,30,1
310.4,3,2,2.9,0,60.4,1
800,15,1,4.7,0,178,0
399.5,8,5,-2.5,0,147,0
510.6,7,1,4.4,0,127,0
193.24,3,1,1.6,0,38.3,0
208.1,1,1,2,0,43.1,1
257.37,2,0,2.1,0,12.5,1
301.3,5,0,1.5,0,73,1
284.4,3,0,4.2,0,34.7,1
452.5,8,1,4.9,0,61.2,1
346.5,2,2,4.6,0,39.3,1
443.6,9,1,4.2,0,83.5,1
451.5,8,1,3,0,72.3,1
459,6,1,4.7,0,78.3,1
424.9,5,1,5.1,0,73.4,1
299.4,2,1,4.9,0,23.5,1
283.4,2,2,4,0,46.2,1
360.4,5,2,1.5,0,91.7,1
486.6,6,2,4.7,0,101,1
420.5,7,2,1.5,0,101,1
334.33,8,3,-0.4,0,147,0
186.25,2,2,2,0,72.2,1
496.6,7,2,3.6,0,93.1,1
254.5,2,2,2.4,0,49.3,1
183.2,4,4,-1.4,0,72.7,0
344.5,3,1,2.7,0,54.4,1
378.4,6,3,1.3,0,94.8,1
126.24,0,0,4,0,0,1
112.21,0,0,3.8,0,0,1
219.32,2,1,2.6,0,21.3,1
320.16,4,3,0.6,0,86.6,1
427.4,4,2,3.5,0,74.6,1
364.4,6,2,2.2,0,121,0
413.4,8,0,2.7,0,75.7,1
810.9,13,5,5.5,0,211,0
280.4,2,0,3.9,0,6.5,1
328.3,2,2,4.1,0,32.3,1
720.9,9,4,6,0,202,0
292.4,2,0,1.7,0,40.6,1
257.37,2,0,2.1,0,12.5,1
273.29,5,0,3.2,0,12.5,1
220.22,4,4,-1.2,0,99.3,1
483.5,15,11,-7.2,0,288,0
583.6,15,13,-8.2,0,340,0
286.28,7,5,-1.2,0,120,1
346.5,4,2,2.5,0,74.6,1
324.4,4,1,2.9,0,45.6,0
427.5,9,3,0,0,202,0
670.8,7,5,4.2,0,167,0
853.9,14,4,2.5,0,221,0
285.4,2,1,3.3,0,23.5,1
475.6,12,8,-4.2,0,200,0
427.4,4,2,2.7,0,74.6,1
422.5,8,0,1.8,0,101,1
190.24,2,1,0.2,0,32.3,0
525.6,8,2,2.5,0,139,0
852.9,12,4,2.3,0,228,0
389.5,6,2,-0.6,0,115,0
513.5,11,6,1.5,0,197,0
462.5,7,1,3.1,0,89.9,1
814,16,3,2.6,0,206,0
340.5,2,2,2.5,0,51.4,1
862.1,17,4,3.4,0,226,0
502.6,8,1,3.6,0,99.1,1
434.5,7,2,2.8,0,101,1
594.7,11,2,0.7,0,216,0
466.9,7,1,3.9,0,99.1,1
426.5,3,1,4.6,0,55.6,1
500.6,9,1,4,0,106,1
300.4,2,1,6.3,0,37.3,1
366.5,3,0,5.3,0,15.7,0
411.5,5,3,3.5,0,82.7,1
459.5,7,3,3.6,0,99.9,1
138.06,4,2,-1.4,0,70.1,1
749,14,5,4,0,180,0
268.3,2,2,5.1,0,40.5,0
102.09,3,2,-1.5,0,64.4,1
811.9,16,4,3.8,0,217,0
656.7,14,3,1.2,0,189,0
462.5,10,3,-0.9,0,201,0
810,14,5,7.5,0,225,0
1255.4,18,5,3.8,0,356,0
305.2,4,2,-0.5,0,66.6,0
670.8,7,5,4.2,0,167,1
451.5,13,9,-5.8,0,248,0
285.69,7,3,0.8,0,119,1
513.5,11,6,1.3,0,197,0
238.28,3,2,2.1,0,75.3,1
480.5,10,0,0.9,0,127,1
300.4,3,0,3.3,0,53.5,1
233.31,3,1,2.1,0,38.3,1
96.09,3,1,-0.1,0,41.5,1
312.8,2,0,3.7,0,32.7,1
395.4,6,0,2.5,0,65.1,1
521,7,1,3.2,0,107,1
627.6,13,5,2.7,0,204,0
612.6,13,5,-0.1,0,259,0
100.2,0,0,3.7,0,0,1
96.94,0,0,1.9,0,0,1
319.9,3,1,4.6,0,28.2,1
259.3,3,0,2.8,0,38.8,1
354.4,4,2,2.9,0,65.6,0
309.4,2,0,3.9,0,20.3,1
151.21,2,2,1.4,0,46.2,0
467.6,5,2,5,0,62.2,1
539.6,9,3,-0.2,0,207,0
532.6,9,3,0.2,0,225,0
460.5,8,3,1.8,0,138,1
290.38,4,0,2.4,0,23.6,1
286.71,3,2,2.2,0,61.7,1
240.34,2,0,2.8,0,16.1,0
226.32,1,1,2.3,0,17,1
315.9,2,0,5.2,0,28.5,1
279.4,2,0,4.3,0,12.5,1
279.4,2,0,4.3,0,12.5,1
275.35,4,1,0.7,0,44.8,1
214.26,3,2,1.4,0,59.1,1
312.5,3,0,4.8,0,31.8,1
254.28,3,1,3.1,0,54.4,1
239.74,2,1,3.2,0,29.1,1
284.4,3,0,4.8,0,31.8,1
211.22,3,2,-1.3,0,88.2,1
181.23,3,3,0.6,0,52.5,0
248.32,3,3,1.8,0,57.3,1
254.12,1,1,2.7,0,29.1,1
341.4,6,2,0.6,0,110,1
300.8,2,0,4.5,0,6.5,1
303.35,5,5,2,0,93,0
241.24,5,2,0.6,0,91,1
293.4,2,0,2.3,0,39.8,1
262.3,1,2,3.5,0,27.8,1
153.18,3,3,-0.8,0,66.5,0
224.21,4,2,-0.8,0,78.9,1
188.27,1,2,2.5,0,41.8,1
223.07,2,2,1.1,0,72.2,1
269.4,2,0,3.8,0,12.5,1
267.32,3,2,2.3,0,43.7,1
212.31,2,1,2.1,0,64.4,1
176.21,2,0,-0.3,0,33.2,1
202.3,2,1,2.3,0,15.3,1
337.5,3,1,3.8,0,40.5,1
329.4,5,1,3.5,0,39.7,1
279.8,1,0,5.4,0,3.2,1
443.6,6,0,3.8,0,77.5,1
443.6,6,0,3.8,0,77.5,1
379.5,4,0,4.3,0,38.8,1
388.8,7,0,0.5,0,91.8,1
421.5,7,0,3.7,0,52.1,1
416.1,2,0,5.3,0,27,1
383.5,7,2,0.8,0,119,1
230.26,3,0,2.7,0,44.1,1
307.4,2,0,4.5,0,12.5,1
392.4,9,3,0.1,0,98.9,0
204.29,3,1,2,0,67.2,0
309.33,5,1,4,0,21.3,1
374.9,4,1,3.7,0,35.9,1
221.47,2,3,0.7,0,61.4,1
413.4,8,0,2.7,0,75.7,1
233.26,5,4,-0.7,0,107,1
181.23,3,3,0.1,0,52.5,0
312.4,2,0,2.7,0,40.6,1
167.19,2,3,-0.1,0,111,0
309.5,6,3,1,0,88.4,1
371.5,2,0,7.1,0,12.5,0
166.25,2,1,1.1,0,71,1
156.21,3,2,0.5,0,106,1
378.31,9,2,3.6,0,45.2,1
305.4,4,1,1.3,0,64.6,1
516.7,6,3,5.5,0,104,0
861.1,14,3,3.8,0,170,0
398.5,8,2,0.6,0,152,1
327.4,6,2,0.2,0,110,1
313.4,4,1,3,0,39.7,1
254.35,3,2,3.2,0,90.3,1
264.35,3,2,2.4,0,90.3,1
288.4,4,2,3,0,116,1
212.31,2,1,2.1,0,64.4,1
371.5,2,0,7.1,0,12.5,0
466.4,10,3,0.5,0,181,1
242.34,3,2,2.9,0,90.3,1
254.35,3,2,3.2,0,90.3,1
397.5,4,1,4.3,0,67.7,1
357.8,5,1,2,0,76.7,1
335.4,5,0,2.4,0,77,1
464.9,7,0,2.9,0,97.3,1
422.5,8,0,1.8,0,101,1
223.29,3,1,2.4,0,62.6,1
426.5,10,1,2.1,0,159,1
366.4,8,1,0.5,0,141,1
329.74,4,1,2.7,0,87.3,1
274.5,2,0,3.8,0,30.7,1
429.5,9,4,0.5,0,187,0
770.9,14,2,4,0,247,1
309.4,3,1,3.4,0,30.5,1
308.36,7,1,0.8,0,124,1
324.4,4,1,2.9,0,45.6,1
324.4,5,2,1.2,0,110,1
483.5,10,5,0.9,0,177,0
292.4,2,2,2.4,0,76,1
490.6,8,1,3.8,0,141,1
324.4,4,1,2.9,0,45.6,0
289.4,3,0,3.5,0,20.3,1
476.5,11,1,1.5,0,180,1
255.4,1,0,3.8,0,3.2,1
378.4,6,2,2.8,0,121,0
310.4,3,1,4.4,0,34.2,1
311.5,2,1,3.7,0,23.5,1
231.33,2,1,3,0,23.5,1
377.5,4,1,4,0,30,1
192.3,2,1,2.2,0,29.3,1
448.9,3,0,3.9,0,49.8,1
297.8,1,0,4.6,0,3.2,1
377.4,5,1,3,0,57.8,1
317.9,2,0,4.6,0,12.5,0
266.4,2,1,3.5,0,15.3,1
309.32,3,4,3.3,0,110,1
260.38,3,2,4.9,0,53.6,1
426.5,7,1,2.5,0,80.7,1
206.2,3,1,0,0,72.6,1
204.22,4,2,0.5,0,105,1
289.4,3,1,3.6,0,28.2,1
672.7,12,8,-0.6,0,295,0
310.4,3,1,4.4,0,34.2,1
335.2,3,1,3.7,0,35.8,1
301.34,4,3,1.4,0,87.3,1
409.5,6,1,2.9,0,82.4,1
185.26,2,1,2.9,0,52.3,1
362.8,5,2,1.5,0,73.1,1
315.5,2,0,4.9,0,12.5,1
171.24,1,1,1.8,0,12,1
374.2,3,0,3.7,0,54.3,1
285.4,3,1,3.5,0,40.5,1
369.5,6,2,1.5,0,110,1
318.4,4,1,2.8,0,55.6,1
468.5,8,2,3,0,93.1,1
549.6,7,4,1.8,0,166,0
341.8,2,0,4.2,0,37.6,1
295.3,5,1,3.5,0,35.2,1
266.4,2,0,3.8,0,6.5,1
480.5,10,0,0.9,0,127,1
227.71,3,2,2,0,78.4,1
360.9,4,0,4.4,0,24.9,1
458.6,6,1,5,0,66.2,1
357.3,2,0,4.5,0,23.6,1
353.5,4,2,1.7,0,69.8,0
391.3,2,0,4.6,0,23.6,1
385.7,3,2,4.3,0,52.6,1
256.37,3,2,3.4,0,90.3,1
235.32,3,1,3,0,30.5,1
245.36,2,1,2.8,0,23.5,1
449.5,12,8,-5,0,214,0
451.6,5,1,3.8,0,51.2,1
423.5,5,2,3,0,62.2,1
284.4,3,1,2.9,0,35.2,1
226.34,4,2,1.2,0,70.4,1
265.35,3,0,3.3,0,19.4,1
304.4,4,1,1.7,0,58.6,1
488.6,7,1,4.1,0,107,1
344.9,2,0,2.9,0,24.8,1
285.3,6,0,3,0,78.3,1
433,2,0,7.1,0,6.5,1
218.28,3,2,1.8,0,106,1
197.38,3,0,2.3,0,0,1
184.49,6,0,2.1,0,9.2,1
413.5,6,2,1.5,0,108,0
273.24,5,2,3.3,0,103,0
159.23,3,2,-1.6,0,63.3,1
408.4,7,1,3.7,0,26.7,1
424.5,8,0,2.3,0,101,1
176.17,3,1,1.9,0,46.5,0
389.4,7,4,-1.4,0,158,0
182.18,4,2,-0.3,0,95.4,1
144.6,1,1,1.5,0,20.2,1
182.22,1,1,3.6,0,28.7,1
608.5,15,8,-0.8,0,234,0
254.24,4,2,2.5,0,66.8,1
434.5,7,1,4.5,0,52,1
466.4,10,3,0.5,0,181,1
410.4,10,4,-0.3,0,217,0
295.4,2,0,4.5,0,28.5,1
383.5,6,0,1.9,0,69.6,1
496.6,7,2,3.9,0,101,1
446.6,6,2,3.8,0,101,1
299.4,4,1,1.1,0,41.9,1
1202.6,12,5,7.5,0,279,0
303.35,5,1,0.9,0,62.3,1
299.4,4,0,2.2,0,38.8,1
285.34,4,1,1.8,0,49.8,1
170.21,2,1,-0.3,0,63.4,1
349.77,5,3,-1.7,0,113,0
372.5,5,2,1.9,0,91.7,1
372.5,3,1,6.4,0,46.5,1
339.4,4,2,2.7,0,52.9,1
327.4,5,2,2.1,0,70,1
315.4,5,1,1.2,0,59,1
301.34,5,2,0.8,0,70,1
339.36,9,1,-0.8,0,124,1
224.26,3,2,1.7,0,75.3,1
285.34,4,2,0.8,0,52.9,1
408.9,5,3,2.2,0,94.8,1
239.35,1,0,4.1,0,3.2,1
298.8,2,1,2.6,0,35.8,1
410.9,5,2,2.5,0,74.6,1
296.4,3,2,2.9,0,33.3,1
416.5,6,2,2.7,0,93.1,1
376.5,5,2,2.3,0,74.6,1
444.5,8,2,3.2,0,99.9,1
357.4,5,3,0.2,0,73.2,1
451.5,7,1,5.9,0,48.8,1
382.5,3,2,5.7,0,62.2,1
234.29,3,1,3.6,0,38.7,1
401,4,1,4.3,0,52,1
318.33,7,1,2.6,0,56.8,1
276.2,2,0,5,0,12.5,1
435.4,12,4,0.3,0,238,0
466.4,14,5,-1.4,0,291,0
426.5,10,1,2.1,0,159,1
231.08,2,2,1.7,0,76.8,0
156.18,2,2,0.9,0,72.2,1
257.37,2,1,3.1,0,23.5,1
299.4,4,1,2,0,49.8,1
283.4,2,1,3.5,0,23.5,1
341.4,5,2,1.9,0,70,1
355.4,5,2,2.9,0,70,1
271.4,2,0,3.4,0,12.5,1
257.37,2,1,3.1,0,23.5,1
313.4,3,2,3.2,0,43.7,1
327.5,3,2,3.8,0,43.7,1
318.33,7,1,2.6,0,56.8,1
455.5,12,3,-1.4,0,227,1
510.5,12,2,0.9,0,214,0
511.6,14,3,0,0,270,0
383.4,10,3,0,0,201,0
299.4,3,1,2.9,0,32.7,1
367.5,4,0,3.9,0,38.8,1
613.8,7,4,2.8,0,118,0
271.4,2,0,3.4,0,12.5,1
271.35,3,1,2.8,0,32.7,1
347.5,2,1,5.1,0,23.5,1
495.5,8,0,2.7,0,90.8,1
361.5,3,1,4.2,0,40.5,1
283.4,3,1,2.5,0,32.7,1
317.22,2,0,3.9,0,16.1,1
226.32,2,0,1.4,0,40.6,1
240.34,2,0,1.9,0,40.6,1
288.3,4,2,3.1,0,49.2,0
303.2,2,1,3.4,0,24.9,1
376.4,6,2,-0.1,0,95.9,0
314.9,2,0,4.2,0,6.5,1
435.4,12,4,0.3,0,238,0
369.4,6,0,1.5,0,65.1,1
271.31,4,3,0.3,0,61.7,1
243.34,2,2,2.6,0,32.3,1
303.35,5,3,-1.1,0,73.2,1
284.78,4,1,2.4,0,56.8,1
513.6,14,3,-0.2,0,280,0
479.5,13,3,-0.9,0,244,0
301.4,4,2,2,0,52.9,1
406.5,6,0,3.3,0,60.9,1
423.4,10,2,0.4,0,173,0
515.5,12,2,0.7,0,238,0
528.6,10,2,1.5,0,208,0
435.4,12,4,0.3,0,238,0
451.5,7,1,5.9,0,48.8,1
455.5,12,3,-1.4,0,227,0
424.4,10,3,-0.2,0,199,0
554.6,13,4,-1.3,0,288,0
480.6,10,2,-0.1,0,204,0
837,17,5,3.1,0,217,0
763,15,5,3.3,0,198,0
546.6,12,3,0.4,0,245,0
523.6,13,3,0.2,0,256,0
276.03,4,2,1.5,0,104,1
397.4,10,3,-0.7,0,201,0
159.23,3,2,-1.6,0,63.3,1
337.5,2,1,5,0,23.5,1
230.26,3,2,2.3,0,67.8,1
311.4,3,1,2.7,0,40.5,1
193.25,4,0,1,0,48.6,1
345.4,6,2,1,0,79.2,1
263.38,4,2,2.8,0,73.6,1
568.6,13,3,1.1,0,245,0
434.5,7,2,2.8,0,101,1
494.6,8,2,3.9,0,101,1
531.4,6,0,4.3,0,69.1,0
436.5,7,2,1.4,0,93.1,1
410.5,7,3,1.9,0,94.8,1
263.37,3,1,2.6,0,32.7,1
286.33,6,3,0.9,0,102,1
357.35,10,3,0.1,0,185,0
366.4,8,1,0.5,0,141,1
471.5,13,3,-1.7,0,238,0
522.6,12,4,-0.9,0,259,0
370.5,4,0,4.8,0,31.7,1
442,4,1,4.2,0,60.9,1
156.18,2,2,0.9,0,72.2,1
339.4,3,0,3.6,0,45.6,1
321.5,2,1,3.9,0,20.2,1
255.35,2,1,3.7,0,21.3,1
490.6,8,1,3.8,0,141,1
237.25,4,1,0.8,0,70.8,1
466.4,14,5,-1.4,0,291,0
416.4,10,2,0.3,0,99.8,1
453.5,12,4,-0.7,0,238,0
584.7,15,4,0.2,0,305,0
427.5,11,3,-1.4,0,210,0
275.34,4,1,1.9,0,49.8,1
331.4,4,1,1.8,0,54,1
284.78,4,1,2.4,0,56.8,1
244.29,3,0,3,0,44.1,1
411.5,5,3,3.5,0,82.7,1
413.4,11,4,-1.2,0,221,0
462.5,10,5,-2.3,0,225,0
335.3,6,0,1.3,0,64.4,1
224.26,3,2,1.7,0,75.3,1
289.33,5,0,1.8,0,48,1
388.5,3,1,3.8,0,49.4,1
154.21,3,0,0.7,0,24.8,1
453.5,10,4,-0.5,0,232,0
325.8,1,0,4.7,0,18.1,1
296.77,3,1,2.2,0,74.7,1
314.8,4,0,3.2,0,32.3,1
535.6,8,1,2.8,0,112,1
556.6,13,3,0.8,0,260,0
398.9,4,1,4,0,35.9,1
393.5,4,1,4.6,0,35.6,1
197.22,3,1,2.3,0,26,1
453.5,11,2,-0.5,0,230,0
357.5,2,0,5.4,0,12.5,1
333.4,4,0,3.5,0,48,1
295.4,3,0,4,0,21.7,1
312.8,2,1,4.6,0,15.3,1
340.5,5,0,1.7,0,99.1,1
835.1,16,5,4.2,0,196,0
243.22,5,4,-2.1,0,129,1
393.5,4,1,4.6,0,35.6,1
471.5,12,2,1.3,0,200,0
594.6,15,4,-1.3,0,305,0
550.6,12,3,-1.4,0,260,0
466.4,14,5,-1.4,0,291,0
459.5,7,3,3.6,0,99.9,1
219.62,4,1,0.6,0,83.9,1
307.4,2,0,4.5,0,12.5,1
521.5,9,4,2.2,0,183,0
255.74,3,1,2.8,0,52.3,1
303.8,2,0,4.4,0,12.5,0
355.3,2,0,4,0,23.6,1
257.24,7,7,-1.3,0,148,0
273.74,3,0,1.1,0,62.8,1
352.9,2,0,5.5,0,33.2,1
501.7,5,3,3,0,81,0
351.35,8,2,-0.8,0,72.9,0
271.35,3,1,3.1,0,30.5,1
158.16,3,2,-2.2,0,83.6,1
379.5,5,1,3.1,0,54,1
297.4,3,0,3.7,0,21.7,1
380.5,2,1,5.9,0,42,1
340.5,2,2,2.5,0,51.4,1
294.4,2,0,5.8,0,6.5,1
471.7,3,2,6.6,0,43.7,1
138.06,4,2,-1.4,0,70.1,1
314.5,2,1,4.2,0,44.3,1
204.22,2,1,1,0,49.4,1
133.19,1,1,1.5,0,26,1
398.5,8,2,0.6,0,152,1
276.37,3,1,1.7,0,45.3,1
338.4,2,2,2.7,0,51.4,1
244.2,7,4,-1.8,0,144,1
292.37,4,3,1,0,70.6,1
298.4,3,0,4.7,0,31.8,1
244.31,4,3,0.3,0,104,1
358.4,5,1,2.3,0,67.9,1
369.3,2,0,4.4,0,23.6,1
465.9,7,2,3.4,0,86,1
452.5,8,2,2.5,0,93.1,1
422.5,7,2,1.7,0,101,1
494.5,9,1,3.2,0,99.1,1
488.6,8,1,4.2,0,116,1
255.35,2,1,3.7,0,21.3,1
547.6,12,4,-0.2,1,242,1
437.4,13,4,-0.6,0,247,0
395.4,10,4,0,0,212,0
464.6,5,2,3.7,0,74.6,1
673.7,15,5,1.9,0,231,0
514.6,10,2,0.9,0,208,0
292.76,3,1,1.8,0,41.6,1
357.35,10,3,0.1,0,185,0
301.4,4,1,3.8,0,46.6,1
329.3,2,0,4,0,23.6,1
410.6,5,1,4.3,0,87.9,1
254.66,4,1,1.4,0,55.8,1
349.5,8,2,0,0,165,0
540.7,7,1,5.3,0,99.1,1
231.29,3,0,2.4,0,29.5,1
267.4,2,2,3,0,32.3,1
275.34,4,1,1.9,0,49.8,0
289.4,4,1,1.8,0,49.8,1
480.6,6,1,4.7,0,52.2,0
236.48,3,2,1.8,0,58.6,1
267.24,8,4,-1.1,0,140,1
310.5,3,0,5.6,0,31.8,1
382.5,6,0,3.2,0,61.6,1
244.2,6,4,-2,0,119,1
184.49,6,0,2.1,0,9.2,1
356.6,4,0,4.2,0,57.1,1
168.04,7,0,2.6,0,9.2,1
161.2,2,1,1.1,0,43.3,0
404.5,6,0,2.1,0,68.3,1
437.4,13,4,-0.6,0,247,0
357.35,10,3,0.1,0,185,0
568.6,13,2,1.4,0,224,0
645.7,12,6,3.8,0,210,0
264.32,3,1,3.4,0,52,1
265.66,6,1,2.5,0,28.2,1
322.1,4,2,2.7,0,74.6,1
348.5,4,2,2.6,0,74.6,1
383.5,7,3,-2.4,0,136,0
407.9,4,0,4.6,0,63.2,1
419.5,6,0,1.4,0,69.6,1
462.6,6,2,4.7,0,81.7,1
467.5,14,10,-6.2,0,268,0
508.5,9,1,3.7,0,99.1,1
473.6,7,2,3.2,0,104,1
585.8,5,0,9.5,0,48,1
748,14,4,3.2,0,183,0
263.4,2,0,4.4,0,31.5,1
380.4,7,2,4.1,0,42.5,1
385.5,4,0,2.8,0,53.2,1
393.6,2,1,4.1,0,37.3,1
418.5,6,1,2.6,0,80.7,1
426.5,7,1,2.2,0,82.2,1
444.6,6,2,4,0,101,1
478.5,9,2,1.9,0,127,1
339.4,6,3,0,0,130,0
440.5,5,2,5.1,0,88.5,0
444.9,7,3,2.6,0,94.8,1
684.9,8,2,10.7,0,127,1
253.34,3,1,2.6,0,55.4,1
295.4,3,1,2.8,0,32.7,1
380.4,6,2,1.7,0,103,0
354.4,5,0,3.6,0,23.6,1
394.9,5,2,2.6,0,83.8,1
404.5,5,1,4.3,0,72.8,1
455,6,1,3.6,0,72.8,1
455.4,5,1,3.1,0,80.7,1
521.4,6,1,3.9,0,93.8,1
510.6,8,4,0.7,0,192,0
557.6,17,13,-8,0,315,0
807.9,14,5,1.6,0,224,0
314.41,6,1,0.8,0,112,0
347.5,3,1,3.6,0,57.2,1
474.5,8,3,2.2,0,138,1
478.9,6,0,2.8,0,84.9,1
484.5,15,11,-6.9,0,283,0
370.4,7,0,2.3,0,39.7,1
372.5,5,3,1.6,0,94.8,1
377.5,4,0,2.5,0,36,1
395.6,6,2,3.1,0,81.3,1
430.6,3,1,5.4,0,38,1
434.5,7,2,2.5,0,101,1
406.5,8,5,0.2,0,148,0
466.5,6,2,3.9,0,76,1
468.5,5,2,5.4,0,88.5,0
456.5,10,1,3.4,0,99,1
717.9,13,4,3.9,0,174,0
285.34,4,2,0.7,0,50.7,1
379.5,5,2,3.6,0,74.4,1
449.5,8,2,1.6,0,134,0
489.4,6,0,5,0,52.6,1
517,8,1,4.2,0,106,1
569.6,16,12,-6.9,0,298,0
387.9,4,2,3.9,0,53.6,1
439,7,5,2.7,0,136,0
585.6,17,13,-7.9,0,332,0
290.4,3,1,2.2,0,41.6,1
331.8,3,0,3.6,0,21.7,1
410.5,7,3,1.9,0,94.8,1
412.4,8,4,1.1,0,115,1
413.3,4,2,3,0,74.6,1
424.5,8,2,2.7,0,151,0
440.5,9,4,-0.4,0,193,0
465.5,7,0,5.5,0,48,1
495,6,1,4.5,0,80.7,1
405.5,7,3,-1,0,136,0
416.4,9,2,5,0,42.5,1
497.5,10,5,1.9,0,177,0
1115.4,13,10,3.2,0,339,0
122.17,3,2,0.5,0,75.2,1
262.3,2,1,2.2,0,24.4,1
325.4,4,1,4.4,0,37.4,1
392.9,5,3,1.9,0,94.8,1
402.5,6,1,2.1,0,97.7,1
434.9,6,1,1.5,0,97.7,1
442,4,1,4.2,0,60.9,1
446.6,6,1,4.3,0,80.7,1
474.6,6,1,4.9,0,80.7,1
493.5,9,6,-3.4,0,217,0
806,16,4,4,0,209,0
292.4,2,0,1.7,0,40.6,1
324.4,5,2,1.2,0,110,1
359.4,8,4,-2.5,0,175,0
408.9,5,1,2.6,0,71.4,1
295.76,3,1,3.1,0,47.6,1
311.5,2,1,3.7,0,23.5,1
365.4,7,3,-2,0,147,0
408.5,4,0,4.2,0,49.8,1
411.5,5,2,3.1,0,62.2,1
416.5,5,1,4.2,0,80.7,1
459.5,8,1,2.7,0,102,1
470.6,4,2,5.1,0,44.7,1
485,7,1,3.7,0,80.7,1
569.1,9,1,3.8,0,108,1
588.6,13,3,0.6,0,161,0
341.4,5,0,2.4,0,48,1
360.4,5,2,1.1,0,91.7,0
361.9,3,0,4.1,0,30.3,1
372.5,5,3,1.4,0,94.8,1
389.8,7,2,0,0,118,0
399,2,1,7.8,0,45.5,1
425.6,5,2,3.6,0,62.2,1
450.6,7,1,3.3,0,106,1
530.7,6,2,3.9,0,102,1
539.6,16,11,-7,0,284,0
588.5,2,0,10.4,0,26.3,1
244.29,3,2,0.8,0,58.2,1
289.8,2,1,3.7,0,23.5,1
129.16,3,2,-2.2,0,63.3,1
240.3,2,2,2.9,0,41.1,1
319,1,2,2,0,36.4,1
366.5,6,2,2.6,0,137,0
406.5,7,1,2.1,0,127,0
437.6,5,2,3.8,0,62.2,1
475.3,7,3,2.2,0,94.8,1
496.5,9,1,3,0,91.3,1
519.6,13,3,-3.3,0,283,0
686.9,9,7,-0.6,0,232,0
265.35,2,1,2.3,0,42.8,1
297.39,5,1,1.2,0,51.2,1
408.5,7,2,4.9,0,42.5,1
344.4,4,2,1.7,0,74.6,1
368.5,5,2,2.6,0,75.8,1
392.9,5,2,1.4,0,91.7,1
393.5,6,3,-0.9,0,138,0
469.3,6,2,3.2,0,130,0
505.8,5,0,5.3,0,52.6,1
211.26,4,2,1,0,60.8,0
301.4,4,1,2.2,0,41.9,1
376.5,5,2,2.4,0,74.6,1
390.4,6,2,2.8,0,91.7,1
410.9,5,2,2.5,0,74.6,1
422.27,4,0,2.4,0,49.6,1
428.4,8,3,2.1,0,94.8,1
487.4,6,1,4,0,72.8,1
494.5,9,1,3,0,107,1
505,10,5,-1.2,0,174,0
614.6,19,13,-9,0,353,0
173.15,4,0,0.9,0,63.6,1
308.36,7,1,0.8,0,124,1
312.8,2,1,4.3,0,15.3,1
320.16,4,3,0.6,0,86.6,1
488.6,7,1,4.2,0,107,1
1127.4,12,10,4.2,0,326,0
243.28,4,0,3.1,0,63.6,1
295.4,3,0,4,0,21.7,1
328.3,2,2,4.1,0,32.3,1
335.4,3,0,4.6,0,21.7,1
373.8,6,1,1,0,97.3,0
394.5,6,2,2.3,0,74.6,1
405.5,10,6,-4.4,0,193,0
437.6,5,0,5.2,0,40.2,1
462.5,7,2,3.6,0,93.1,1
475.6,7,2,3.1,0,104,1
476.5,8,1,3.2,0,99.1,1
566.1,9,1,4.1,0,115,1
571.6,17,13,-7.6,0,315,0
216.23,4,3,-1.7,0,95.5,1
390.4,6,3,1.5,0,94.8,1
412.9,5,1,3.5,0,54.4,1
441.5,7,1,2,0,102,1
493.6,11,4,-2.5,0,238,0
508.5,9,1,3.4,0,107,1
316.5,2,1,4.4,0,37.3,1
392.5,6,3,1.9,0,94.8,1
430.5,6,2,2.5,0,93.1,1
249.35,3,1,2.8,0,32.7,1
332.5,3,1,3.2,0,54.4,1
368.19,4,2,3.7,0,87.4,1
375.6,5,1,2.7,0,97,1
390.5,5,2,2.7,0,74.6,1
392.5,3,0,3.8,0,32.8,1
406.5,6,2,5.8,0,33.3,1
470.5,9,2,3,0,101,1
546,7,3,3.8,0,150,0
559.4,9,1,2.7,0,107,1
264.5,1,2,2.6,0,36.4,1
353.9,2,0,5.5,0,28.5,1
376.4,6,3,1,0,112,1
416.4,9,6,1.7,0,165,0
434.5,7,2,2.5,0,93.1,1
209.28,3,1,2.8,0,40.5,1
352.5,3,1,3.8,0,41.6,1
233.31,3,1,0.2,0,38.3,1
467.6,4,1,5.9,0,54.5,1
374.5,5,2,2.2,0,75.8,1
399.5,4,0,3.1,0,53.2,1
246.19,6,3,-1.2,0,99.1,0
373.4,4,0,1.8,0,70.3,1
344.4,4,0,2,0,67,1
196.25,2,1,0,0,49.4,1
245.36,2,0,3.8,0,20.3,1
482.6,8,1,3.5,0,106,1
328.4,4,1,2.4,0,38.5,1
289.4,4,1,2.8,0,58.7,1
317.4,4,0,2.9,0,38.8,1
452.9,6,1,3.1,0,80.7,1
437,6,2,1.2,0,95.1,1
462.5,7,2,3.7,0,101,1
335.2,3,1,3.8,0,35.8,1
376.5,5,2,2.4,0,74.6,1
386.5,4,0,3.5,0,52.6,1
432.5,7,2,2.6,0,93.1,1
578.7,9,1,4.1,0,109,1
670.7,12,5,0.5,0,277,0
672.8,9,3,4.3,0,164,1
230.09,1,2,1.9,0,36.4,1
137.14,2,0,-0.4,0,37.4,1
277.4,3,1,2.9,0,32.7,1
418.5,6,1,3.2,0,72.8,1
318.4,4,1,2.8,0,55.6,1
321.2,3,2,2.4,0,61.7,1
223.31,3,2,1.9,0,41.5,1
237.29,4,1,1.5,0,39.7,1
245.36,2,2,3.7,0,46.2,1
189.26,1,2,1.8,0,36.4,0
197.18,3,2,0.9,0,36.4,1
360.2,7,2,1.4,0,126,0
189.21,2,0,0.8,0,37.4,1
206.24,2,2,1.8,0,72.2,1
177.24,2,1,1.4,0,21.3,1
136.19,2,2,0.9,0,38,1
300.74,3,1,2.2,0,52.9,1
268.15,1,2,2.1,0,36.4,1
308.99,1,2,2.7,0,36.4,1
397.89,1,2,2.7,0,36.4,1
370.6,4,0,5.9,0,57.1,1
380.7,7,3,0.6,0,135,0
163.26,1,0,2.9,0,3.2,1
329.8,2,1,2.1,0,66.6,1
206.22,3,0,0.9,0,23.6,1
344.9,3,0,4.3,0,31.8,1
381.7,2,0,5.3,0,27,0
398.3,2,0,3.9,0,6.5,1
479.1,4,1,5.4,0,38.8,1
439.9,11,2,2.6,0,152,0
204.23,5,2,0.9,0,83.7,0
372.5,3,1,6.4,0,46.5,1
313.4,3,2,3.2,0,43.7,1
191.23,2,1,1.2,0,38.3,1
177.24,2,0,2.1,0,20.3,1
345.4,6,2,1,0,79.2,1
346.8,4,1,3.2,0,50.8,1
327.4,5,2,2.1,0,70,1
393.5,5,1,4,0,72.9,1
502.4,5,0,4.7,0,43.9,1
516.4,5,0,5.2,0,43.9,1
237.72,2,1,2.4,0,29.1,1
324.4,6,2,2.5,0,115,0
161.24,1,1,1.9,0,26,1
372.29,2,0,4.8,0,6.5,1
207.23,3,1,1.2,0,49.8,1
268.35,3,2,3.5,0,75.3,1
357.23,5,2,3.2,0,112,1
278.33,5,2,2.5,0,112,1
368.5,5,2,4.4,0,112,1
414.5,6,2,4.4,0,115,1
337.4,5,2,3.4,0,89.8,1
326.35,5,2,3.6,0,90,1
331.5,5,1,4.5,0,65.6,1
365.5,5,1,4.8,0,50.5,1
233.3,4,3,1.1,0,132,0
275.33,4,3,0.9,0,135,0
448.6,5,2,3.4,0,95.2,0
258.32,3,0,3.6,0,44.1,1
262.28,4,0,3.2,0,44.1,1
395.6,4,1,4.9,0,60.9,1
415.5,7,1,4.6,0,77.1,1
270.71,2,1,2.8,0,41.5,1
403.3,2,0,4.7,0,23.6,1
329.8,3,1,4,0,32.7,1
414.3,4,0,2.8,0,53.1,1
409.4,3,0,4.4,0,51.8,1
408.5,6,2,2.8,0,99.9,1
1882.3,17,21,10.7,0,549,0
1446.2,25,18,1.9,0,505,0
1843.3,17,20,10.5,0,533,0
287.35,4,1,1.8,0,41.9,1
454.5,12,2,-0.4,0,235,0
423.5,9,2,-1.1,0,177,0
312.4,3,1,2.8,0,50.2,1
299.75,4,2,3,0,47.9,1
554.6,13,4,-1.3,0,288,1
349.3,8,1,2.2,0,68.2,1
363.4,7,4,-2.1,0,158,0
390.5,4,2,3.7,0,51.1,1
266.4,1,1,4.5,0,24.4,1
292.2,1,1,4.4,0,12,1
315.5,2,0,4.9,0,12.5,1
360.5,4,2,2.2,0,74.6,1
405.5,7,0,3.3,0,37.2,1
587.7,6,3,6,0,118,0
178.25,1,1,1.8,1,23.2,1
406.5,6,0,6.5,0,31.8,1
282.76,1,1,1.9,0,20.2,1
368.5,5,2,2.8,0,61.8,1
424.4,10,3,-0.2,0,199,1
390.4,7,2,0.2,0,138,0
347.4,6,3,0.6,0,138,0
427.5,9,3,0,0,202,0
367.8,6,3,-1.8,0,138,0
191.27,2,0,2.5,0,12.5,1
511.6,14,3,0,0,270,0
426.5,7,2,2.8,0,99.9,1
344.9,2,0,2.9,0,24.8,1
297.4,2,1,4.9,1,23.5,1
804,12,3,2.7,0,178,0
294.4,1,1,4.6,1,20.2,1
253.34,3,1,2.6,0,55.4,1
187.24,1,1,0.5,0,27.6,1
322.2,2,0,4.5,0,12.5,1
324.4,4,1,2.9,0,45.6,1
167.2,3,3,-0.4,0,66.5,0
204.27,2,1,0.2,0,46.3,1
211.28,3,2,1.7,0,32.3,1
340.5,4,0,4.8,0,48.8,1
234.29,3,1,3.6,0,38.7,1
371.8,4,0,2.8,0,62.2,1
407.9,4,0,4.6,0,63.2,1
341.4,4,1,1.4,0,70.5,1
443.4,9,5,0.7,-1,189,1
456.5,8,4,0.1,-1,172,1
144.26,2,2,2.4,0,38,1
300.29,7,1,-2,0,131,0
221.25,3,1,2.2,0,47.6,1
175.27,1,1,2.6,0,12,1
378.5,3,0,3.3,0,32.8,1
235.32,3,1,3,0,30.5,1
354.5,5,1,1.6,0,84.1,1
426.5,7,1,1.7,0,82.2,1
432.5,8,1,2.8,0,72.9,1
230.09,3,2,2.2,0,36.4,1
359.8,4,1,3.3,0,66.8,0
314.5,2,2,6.5,0,40.5,1
255.35,2,1,3.3,0,21.3,1
339.4,3,0,3.6,0,45.6,1
360.8,5,1,2.9,0,67.8,1
330.4,4,0,3.4,0,49,1
286.28,7,5,-1.2,0,120,1
362.4,5,1,5.3,0,41,1
265.6,3,2,2.1,0,49.7,1
183.25,2,1,0.8,0,46.2,1
341.8,4,1,3.4,0,50.4,1
324.8,4,1,1.6,0,63.3,0
221.29,3,1,2.5,0,30.5,1
299.4,3,3,3.5,0,52.5,0
234.29,3,1,3.6,0,38.7,1
443.5,8,3,2.1,0,158,0
230.09,2,1,1.8,0,43.8,1
370.3,3,0,3,0,26.8,1
409.3,4,1,1.5,0,61.6,0
442.4,4,0,3.7,0,53.1,1
409.3,4,2,1.9,0,72.5,0
416.3,5,2,1.3,0,67.2,0
383.4,2,0,4.8,0,23.6,1
409.4,3,0,4.4,0,51.8,1
439.3,4,2,2.2,0,81.8,0
393.3,3,1,2.9,0,52.2,0
391.5,5,1,0.7,0,89.4,0
393.3,3,0,2.5,0,41.4,1
407.5,6,1,-0.7,0,100,0
423.5,6,1,-0.6,0,107,0
398.3,3,0,2.4,0,43.9,1
375.5,5,1,0.2,0,73.3,0
428.3,4,0,3.2,0,53.1,1
393.3,3,0,3.8,0,36.7,1
394.3,4,0,2.5,0,54.3,1
375.5,5,1,0.2,0,73.3,0
381.4,6,1,0.4,0,64.1,0
413.4,7,1,1.1,0,64.1,0
414.3,4,1,1.5,0,64.1,0
345.4,4,1,0.2,0,64.1,0
390.4,6,1,0,0,110,0
390.4,6,1,0,0,110,0
231.33,2,1,1.8,0,23.5,1
321.5,2,1,3.8,0,23.5,1
260.37,2,1,2.9,0,32.3,1
352.5,3,2,4.6,0,33.3,1
427.6,6,1,3.7,0,64.5,1
335.2,3,1,2.4,0,52.9,1
461,7,2,3.4,0,99.9,1
326.5,4,0,4.3,0,48.8,1
271.74,2,1,3.3,0,21.3,1
246.35,2,1,1.4,0,46.3,1
188.27,2,1,1.2,0,15.3,1
334.2,2,0,4,0,12.5,1
240.3,5,4,-0.1,0,85.6,0
213.28,3,2,0,0,82.9,0
386.6,5,0,4.5,0,68.1,1
274.5,2,0,3.8,0,30.7,1
193.24,3,1,1.6,0,38.3,0
468.4,11,3,1.9,0,166,0
464.4,12,8,0.4,0,207,0
464.9,9,6,-0.5,0,186,0
182.25,3,2,0.3,0,69.4,1
354.5,4,0,5.4,0,41,1
156.26,1,1,3.3,0,20.2,1
429.6,5,2,5,0,74.4,1
393.5,5,2,3.9,0,74.4,1
221.3,1,1,2.8,0,12,1
217.35,1,0,4,0,3.2,1
337.4,4,1,2.3,0,44.8,1
275.35,4,1,0.7,0,44.8,1
379.5,4,2,2.3,0,53.6,1
351.4,5,2,3.2,0,59.3,1
437.5,9,3,1,0,207,0
161.24,1,1,2.5,0,26,1
140.14,2,1,-0.9,0,49.4,1
500.7,8,2,3.8,0,120,1
221.29,3,2,1.8,0,41.5,1
338.5,3,2,4,0,33.3,1
176.12,6,4,-1.6,0,107,1
444.4,9,6,-0.7,0,182,0
444.4,9,6,-2,0,182,0
478.9,9,6,-1.3,0,182,0
457.5,9,5,-0.6,0,165,0
442.4,9,6,0.3,0,182,0
336.3,6,2,2.6,0,93.1,0
331.3,6,2,3.1,0,108,0
176.12,6,4,-1.6,0,107,1
476.9,9,6,0.9,0,182,0
351.4,7,2,3,0,136,0
337.4,7,2,1.1,0,136,0
335.34,7,2,3,0,121,0
1001,20,12,1.4,0,342,0
508.9,10,7,-1.5,0,188,0
464.9,9,6,0.7,0,182,0
430.4,9,6,0.1,0,182,0
527.6,10,6,-0.9,0,171,0
408.4,8,2,2.5,0,119,0
586.6,12,7,-2.3,0,194,0
612.6,11,5,3.3,0,196,0
308.3,4,1,2.7,0,63.6,0
626.7,11,9,-3.1,0,262,0
429.4,9,6,0.5,0,187,0
459.4,10,5,-0.9,0,207,0
585.6,12,7,-3.7,0,208,0
460.4,10,7,-1.6,0,202,0
630.6,14,8,-4.9,0,232,0
602.6,13,9,-4.4,0,243,0
805.9,15,9,-0.7,0,292,0
150.22,2,2,1.3,0,38,1
357.4,5,2,0.3,0,90.7,1
212.29,1,1,1.9,0,24.4,1
367.5,5,2,3.8,0,74.4,1
409.6,5,2,5.1,0,74.4,1
468.7,3,1,7,0,24.5,1
339.36,9,1,-0.8,0,124,1
466.5,6,2,3.9,0,76,1
108.57,1,1,1.5,0,20.2,1
425.4,3,0,4.3,0,32.8,1
313.4,6,2,1.1,0,76.3,1
393.7,3,0,4.4,0,24.8,1
312.8,2,0,3.3,0,23.6,1
370.8,4,1,4.4,0,67.8,1
240.3,3,2,2.6,0,75.3,1
264.4,2,1,3.4,0,15.3,1
414.4,9,5,1.6,0,162,0
358.2,5,2,0.8,0,91.8,1
346.27,5,3,0.6,0,107,1
478.9,9,6,-1.3,0,182,0
129.16,2,1,-0.1,0,52.3,1
442.6,5,1,4.1,0,67.9,1
327.4,6,2,0.2,0,110,1
414.5,3,1,4.1,0,43.8,1
338.4,4,2,2.9,0,42.5,1
544.6,5,2,5.4,0,93.2,0
296.77,3,1,2.2,0,74.7,1
357.5,3,1,5,0,40.5,1
344.5,4,0,5.2,0,57.1,1
299.4,4,0,2.2,0,38.8,1
311.4,3,0,4,0,21.7,1
543.6,11,3,0.9,0,237,0
309.4,4,1,0.2,0,76.5,1
229.32,2,0,3.2,0,16.4,1
506.6,12,3,0.7,0,242,0
273.29,5,0,3.2,0,12.5,1
349.9,4,2,2.5,0,67.6,1
278.39,4,3,0.8,0,56.4,1
245.66,4,2,1.2,0,81.8,1
355.4,5,2,2.9,0,70,1
811,12,3,3.7,0,154,0
418.3,4,0,3.1,0,64.4,1
459,6,1,4.7,0,78.3,1
356.4,5,1,2.6,0,48.5,1
223.29,3,1,2.4,0,62.6,1
300.8,2,1,4.6,0,15.3,1
327.5,4,0,4.8,0,35,1
311.5,2,0,5.1,0,12.5,1
358.4,5,1,3.5,0,35.9,1
326.5,3,0,5.5,0,31.8,1
250.34,1,0,2.9,0,15.6,1
189.14,5,1,-0.5,0,83.9,1
155.15,3,0,0.8,0,46.6,1
267.32,2,0,2.7,0,29.5,1
226.32,2,0,1.4,0,40.6,1
537.8,4,0,8.9,0,38.8,1
204.22,2,0,1.5,0,41.9,1
256.37,3,2,3.4,0,90.3,1
253.34,2,0,1.8,0,11.4,1
295.4,4,2,1.6,0,49.3,1
419,5,1,3.6,0,45.2,1
266.29,2,1,1.6,0,63.4,1
188.26,3,1,1.7,0,38.7,1
288.4,4,2,3,0,116,1
296.37,4,1,2.3,0,48.5,1
248.28,3,1,2.5,0,58.6,1
414.5,7,1,2,0,103,1
264.35,3,2,2.4,0,90.3,1
578.7,9,2,2.6,0,181,1
265.35,4,1,2.9,0,39.7,1
477,5,2,4.7,0,68.2,1
238.33,2,1,3,0,15.3,1
359.6,3,0,5.9,0,53.8,1
186.25,1,0,2.4,0,17.8,1
454.5,8,1,4.6,0,52,1
304.4,4,1,1.7,0,58.6,1
301.34,4,3,1.4,0,87.3,1
367.5,4,0,4.3,0,38.8,1
180.93,4,0,2.6,0,0,1
725.7,8,4,5.1,0,118,1
432.6,5,1,4.1,0,45.2,1
359.5,2,1,6.1,0,37.3,1
318.73,4,1,2.3,0,52.9,1
283.4,2,2,4,0,46.2,1
385.7,3,2,4.3,0,52.6,1
254.08,2,1,1.3,0,46.2,1
247.68,3,0,2.5,0,43.8,1
417,4,1,4.6,0,52,1
261.4,2,0,3.6,0,12.5,1
335.2,3,1,3.8,0,35.8,1
402.6,5,0,4.6,0,74.3,1
232.28,4,2,1.4,0,105,1
364.8,5,1,1.6,0,106,1
353.9,2,0,5.5,0,28.5,1
272.34,4,1,2.1,0,49.5,1
192.96,4,0,2.1,0,9.2,1
267.32,4,5,-0.1,0,108,0
292.4,2,1,3.4,0,38,1
214.31,1,1,2.8,0,19,1
224.26,3,2,2,0,75.3,1
326.5,3,0,3.1,0,48.8,1
450.5,5,1,5.4,0,28.4,1
348.8,5,2,1.6,0,73.1,1
335.78,3,1,0.5,0,69.7,1
250.29,3,1,3,0,19,1
362.8,5,2,1.5,0,73.1,1
208.26,3,2,2,0,50.4,1
315.4,5,0,3.2,0,47.1,1
421.5,7,2,1.8,0,110,1
289.4,1,0,4.4,0,3.2,1
214.26,2,0,0.6,0,32.7,1
289.8,2,1,3.7,0,23.5,1
366.4,6,0,5.6,0,31.8,1
226.23,4,3,0.2,0,95.5,1
356.6,4,1,5.4,0,65.9,1
240.34,2,0,1.9,0,40.6,1
377.4,5,1,3,0,57.8,1
215.33,2,2,2.4,0,49.3,1
355.5,6,2,1.1,0,110,1
308.2,3,0,1.7,0,62.8,1
251.32,4,2,1.2,0,58.6,0
245.4,1,0,5.1,0,3.2,1
166.22,3,2,1.1,0,47.3,1
211.64,2,1,2.1,0,38.3,1
382.5,7,3,1.2,0,122,1
331.8,3,0,3.6,0,21.7,1
223.22,4,1,1.4,0,56.8,1
280.3,4,1,0.5,0,91.9,1
384.5,5,1,4.5,0,61.2,1
212.29,2,2,2.9,0,24.1,1
287.72,2,2,3,1,52.3,1
106.07,3,0,0.8,0,9.2,1
216.06,3,3,0,0,64.6,1
319.7,5,1,4.5,0,38.3,0
251.28,2,1,1.5,0,55.6,1
399.9,4,1,4.7,0,54,1
151.21,2,2,1.6,0,32.3,0
283.4,2,1,5,0,23.5,1
254.66,4,1,1.4,0,55.8,1
402.5,6,2,3.6,0,113,1
578.7,9,1,4.1,0,109,1
244.22,5,2,-0.3,0,78.9,1
310.4,3,1,4.4,0,34.2,1
356.6,4,1,5.4,0,65.9,1
168.26,3,1,1.3,0,53.2,1
244.29,2,2,0.9,0,58.2,1
309.4,5,4,0.7,0,82,1
608.7,10,1,4,0,118,1
254.12,1,1,2.7,0,29.1,1
231.29,3,1,1.9,0,30.5,1
176.26,2,2,0.8,0,38,1
262.3,2,1,2.2,0,24.4,1
426.6,6,0,3.9,0,85,1
211.41,3,0,3.2,0,0,1
305.4,4,1,1.3,0,64.6,1
303.35,5,0,2.3,0,55.8,1
380.5,4,1,3.8,0,50.8,1
315.4,3,2,3.9,0,43.7,1
328.8,3,1,3,0,41.6,1
346.5,4,2,1.9,0,74.6,0
230.26,3,2,2.3,0,67.8,1
361.5,2,1,5,0,23.5,1
347.4,4,0,5.6,0,3.2,1
217.26,2,1,2.3,0,38.3,1
204.22,4,2,0.5,0,105,1
268.27,6,4,-2.1,0,112,1
313.4,2,1,3.2,0,35.6,1
451.6,4,2,3.4,0,71.7,1
230.26,3,2,2.3,0,67.8,1
289.8,2,1,3.7,0,23.5,1
395.6,6,2,3.1,0,81.3,1
273.37,3,0,3.1,0,29.5,1
225.2,5,3,-1.9,0,115,1
473.4,10,7,-1.2,0,216,1
441.4,10,6,-1.1,0,209,1
326.8,3,1,3.1,0,30.9,1
255.23,6,4,-2.5,0,135,1
324.34,7,3,-0.9,0,147,1
312.4,4,1,2.9,0,59.1,1
253.26,5,4,-1.9,0,126,1
136.11,3,2,-0.7,0,70.1,1
302.8,2,1,4.4,0,49.7,1
239.23,5,4,-2.1,0,126,1
274.75,3,1,2.7,0,42.2,1
296.4,3,1,3.7,0,69.7,1
330.4,5,1,3,0,59.1,1
354.36,8,4,-1.5,0,167,1
300.8,2,1,4.1,0,33.6,1
239.23,5,4,-2.1,0,126,1
300.76,2,2,3.2,1,47.6,1
204.22,3,1,1.6,0,50.7,1
216.24,3,1,1.7,0,50.7,1
847,14,5,4.7,0,209,0
266.68,2,2,1.2,0,73.8,1
1145.3,20,8,3.4,0,300,0
354.36,8,4,-1.5,0,167,1
176.17,3,2,1.2,0,62.2,1
302.8,2,1,4.4,0,49.7,1
216.24,3,1,1.7,0,50.7,1
204.22,3,1,1.6,0,50.7,1
236.23,5,2,-1.2,0,88.7,0
195.24,2,1,0.4,1,48.7,1
383.5,6,0,1.9,0,69.6,1
271.4,2,0,3.4,0,12.5,1
269.14,2,1,1.1,0,32.3,1
395.6,5,2,4.6,0,74.4,1
245.36,2,2,3.7,0,46.2,1
295.5,1,0,6,0,3.2,1
705.6,9,0,5.7,0,101,0
179.22,2,1,2.2,0,52.3,1
822.9,15,6,4.9,0,220,0
877,15,6,6.7,0,220,0
